あい	37	10	愛	藍	相	亜衣	亜依	亜維	亜伊	亜以	亜唯	阿衣
あいか	40	10	愛香	愛花	愛佳	愛加	愛可	愛賀	愛嘉	愛果	愛夏	愛歌
あいこ	498	8	愛子	藍子	相子	逢子	会子	亜衣子	亜依子	阿衣子
あいな	275	10	愛菜	愛奈	愛那	愛名	藍菜	藍奈	藍那	藍名	相菜	相奈
あいの	601	10	愛乃	愛野	藍乃	藍野	相乃	相野	逢乃	逢野	会乃	会野
あいら	285	10	愛良	愛羅	愛来	藍良	藍羅	藍来	相良	相羅	相来	逢良
あいり	96	10	愛理	愛梨	愛利	愛里	愛莉	藍理	藍梨	藍利	藍里	藍莉
あえか	129	7	亜恵香	亜恵花	亜恵佳	亜恵加	亜恵可	亜恵賀	亜恵嘉
あえこ	805	7	亜恵子	亜枝子	亜江子	亜絵子	阿恵子	阿枝子	阿江子
あおい	220	10	葵	碧	青衣	青依	青維	青伊	青以	青唯	蒼衣	蒼依
あおか	607	10	青香	青花	青佳	青加	青可	青賀	青嘉	青果	青夏	青歌
あおこ	1250	3	青子	蒼子	碧子
あおな	981	10	青菜	青奈	青那	青名	蒼菜	蒼奈	蒼那	蒼名	碧菜	碧奈
あおの	1048	6	青乃	青野	蒼乃	蒼野	碧乃	碧野
あおば	750	6	青葉	青羽	蒼葉	蒼羽	碧葉	碧羽
あかね	38	10	茜	明音	明嶺	明寧	朱音	朱嶺	朱寧	灯音	灯嶺	灯寧
あかり	2	10	灯	燈	明理	明梨	明利	明里	明莉	朱理	朱梨	朱利
あき	107	10	亜紀	亜希	亜季	亜記	亜貴	亜樹	亜木	亜輝	亜生	亜喜
あきえ	6	10	秋恵	秋枝	秋江	秋絵	秋依	秋衣	秋英	秋栄	秋映	秋愛
あきこ	65	10	秋子	明子	彰子	暁子	顕子	昭子	晶子	章子	朗子	右子
あきな	63	10	秋菜	秋奈	秋那	秋名	明菜	明奈	明那	明名	彰菜	彰奈
あきね	153	10	秋音	秋嶺	秋寧	明音	明嶺	明寧	彰音	彰嶺	彰寧	暁音
あきの	167	10	秋乃	秋野	明乃	明野	彰乃	彰野	暁乃	暁野	顕乃	顕野
あきは	192	10	秋葉	秋羽	明葉	明羽	彰葉	彰羽	暁葉	暁羽	顕葉	顕羽
あきほ	17	10	秋穂	秋保	秋歩	秋帆	秋畝	明穂	明保	明歩	明帆	明畝
あきみ	23	10	秋美	秋実	秋見	秋海	秋魅	秋観	秋未	明美	明実	明見
あきよ	64	10	秋代	秋世	秋夜	明代	明世	明夜	彰代	彰世	彰夜	暁代
あきら	645	8	明	晶	瑛	陽	旭	映	暁	秋桜
あきらこ	1051	8	明子	晶子	瑛子	陽子	旭子	映子	暁子	秋桜子
あけの	1298	4	朱乃	朱野	明乃	明野
あけみ	768	10	朱美	朱実	朱見	朱海	朱魅	朱観	朱未	明美	明実	明見
あけよ	1326	6	朱代	朱世	朱夜	明代	明世	明夜
あこ	718	4	亜子	阿子	愛子	安子
あさ	767	10	亜沙	亜佐	亜砂	亜咲	亜紗	阿沙	阿佐	阿砂	阿咲	阿紗
あさえ	238	10	朝恵	朝枝	朝江	朝絵	朝依	朝衣	朝英	朝栄	朝映	朝愛
あさお	412	9	朝央	朝生	朝緒	朝音	麻央	麻生	麻緒	麻音	亜沙央
あさか	74	10	朝香	朝花	朝佳	朝加	朝可	朝賀	朝嘉	朝果	朝夏	朝歌
あさがお	1336	1	朝顔
あさこ	626	7	朝子	麻子	亜沙子	亜佐子	亜砂子	亜咲子	亜紗子
あさと	1020	6	朝登	朝都	朝渡	麻登	麻都	麻渡
あさね	500	8	朝音	朝嶺	朝寧	麻音	麻嶺	麻寧	亜沙音	亜沙嶺
あさの	547	8	朝乃	朝野	麻乃	麻野	亜沙乃	亜沙野	亜佐乃	亜佐野
あざみ	1269	1	薊
あさみ	127	10	朝美	朝実	朝見	朝海	朝魅	朝観	朝未	麻美	麻実	麻見
あさよ	505	8	朝代	朝世	朝夜	麻代	麻世	麻夜	亜沙代	亜沙世
あじさい	1283	1	紫陽花
あすか	109	7	飛鳥	明日香	明日花	明日佳	明日加	明日可	明日賀
あずこ	1178	7	亜須子	亜寿子	阿須子	阿寿子	愛須子	愛寿子	安須子
あずさ	365	7	梓	亜須沙	亜須佐	亜須砂	亜須咲	亜須紗	亜寿沙
あすな	563	7	明日菜	明日奈	明日那	明日名	亜須菜	亜須奈	亜須那
あずな	522	7	亜須菜	亜須奈	亜須那	亜須名	亜寿菜	亜寿奈	亜寿那
あずほ	862	7	亜須穂	亜須保	亜須歩	亜須帆	亜須畝	亜寿穂	亜寿保
あずみ	400	10	亜澄	亜純	亜住	阿澄	阿純	阿住	愛澄	愛純	愛住	安澄
あずみ	400	7	明日美	明日実	明日見	明日海	明日魅	明日観	明日未
あつえ	622	10	淳恵	淳枝	淳江	淳絵	淳依	淳衣	淳英	淳栄	淳映	淳愛
あつき	260	10	淳紀	淳希	淳季	淳記	淳貴	淳樹	淳木	淳輝	淳生	淳喜
あつこ	794	9	淳子	敦子	厚子	惇子	渥子	篤子	温子	亜津子	亜都子
あづさ	891	7	亜津沙	亜津佐	亜津砂	亜津咲	亜津紗	阿津沙	阿津佐
あづな	1015	7	亜津菜	亜津奈	亜津那	亜津名	阿津菜	阿津奈	阿津那
あつの	1278	10	淳乃	淳野	敦乃	敦野	厚乃	厚野	惇乃	惇野	渥乃	渥野
あつほ	620	10	淳穂	淳保	淳歩	淳帆	淳畝	敦穂	敦保	敦歩	敦帆	敦畝
あづほ	1033	7	亜津穂	亜津保	亜津歩	亜津帆	亜津畝	阿津穂	阿津保
あつみ	407	10	淳美	淳実	淳見	淳海	淳魅	淳観	淳未	敦美	敦実	敦見
あづみ	806	7	亜津美	亜津実	亜津見	亜津海	亜津魅	亜津観	亜津未
あつよ	768	10	淳代	淳世	淳夜	敦代	敦世	敦夜	厚代	厚世	厚夜	惇代
あとり	1223	4	亜鳥	阿鳥	愛鳥	安鳥
あのん	1117	4	亜音	阿音	愛音	安音
あまな	443	8	天菜	天奈	天那	天名	亜真菜	亜真奈	亜真那	亜真名
あまね	284	7	天音	天嶺	天寧	亜真音	亜真嶺	亜真寧	亜麻音
あまの	796	7	天乃	天野	亜真乃	亜真野	亜麻乃	亜麻野	亜眞乃
あまみ	435	9	天美	天実	天見	天海	天魅	天観	天未	亜真美	亜真実
あみ	495	10	亜美	亜実	亜見	亜海	亜魅	亜観	亜未	阿美	阿実	阿見
あみか	286	7	亜美香	亜美花	亜美佳	亜美加	亜美可	亜美賀	亜美嘉
あみこ	1165	7	亜美子	亜実子	阿美子	阿実子	愛美子	愛実子	安美子
あや	217	16	綾	彩	絢	文	礼	斐	英	恵	言	朱	純	順	章	随	操	紋
あやか	15	10	彩香	彩花	彩佳	彩加	彩可	彩賀	彩嘉	彩果	彩夏	彩歌
あやこ	239	10	彩子	綾子	紋子	絢子	斐子	綺子	彰子	章子	文子	礼子
あやせ	296	10	彩瀬	彩世	綾瀬	綾世	紋瀬	紋世	絢瀬	絢世	斐瀬	斐世
あやな	125	10	彩菜	彩奈	彩那	彩名	綾菜	綾奈	綾那	綾名	紋菜	紋奈
あやね	92	10	彩音	彩嶺	彩寧	綾音	綾嶺	綾寧	紋音	紋嶺	紋寧	絢音
あやの	100	10	彩乃	彩野	綾乃	綾野	紋乃	紋野	絢乃	絢野	斐乃	斐野
あやみ	108	10	彩美	彩実	彩見	彩海	彩魅	彩観	彩未	綾美	綾実	綾見
あやめ	476	7	菖	菖蒲	亜也芽	亜也愛	亜矢芽	亜矢愛	亜弥芽
あゆ	564	10	亜由	亜優	亜遊	亜悠	亜夕	亜有	亜祐	亜結	亜友	亜由
あゆか	177	10	歩香	歩花	歩佳	歩加	歩可	歩賀	歩嘉	歩果	歩夏	歩歌
あゆこ	831	7	歩子	鮎子	香魚子	亜由子	亜有子	亜悠子	亜祐子
あゆな	245	9	歩菜	歩奈	歩那	歩名	鮎菜	鮎奈	鮎那	鮎名	香魚菜
あゆの	723	8	歩乃	歩野	鮎乃	鮎野	香魚乃	香魚野	亜由乃	亜由野
あゆみ	106	10	歩	渉	歩美	歩実	歩見	歩海	歩魅	歩観	歩未	鮎美
あり	1042	10	亜理	亜梨	亜利	亜里	亜莉	阿理	阿梨	阿利	阿里	阿莉
ありあ	335	10	有亜	有阿	有愛	有安	益亜	益阿	益愛	益安	可亜	可阿
ありえ	119	10	有恵	有枝	有江	有絵	有依	有衣	有英	有栄	有映	有愛
ありか	132	10	有香	有花	有佳	有加	有可	有賀	有嘉	有果	有夏	有歌
ありこ	693	10	有子	益子	可子	現子	光子	在子	作子	似子	社子	順子
ありさ	97	10	有沙	有佐	有砂	有咲	有紗	益沙	益佐	益砂	益咲	益紗
ありす	272	10	有須	有寿	益須	益寿	可須	可寿	現須	現寿	光須	光寿
ありせ	663	10	有瀬	有世	益瀬	益世	可瀬	可世	現瀬	現世	光瀬	光世
ありな	309	10	有菜	有奈	有那	有名	益菜	益奈	益那	益名	可菜	可奈
ありの	567	10	有乃	有野	益乃	益野	可乃	可野	現乃	現野	光乃	光野
ありみ	261	10	有美	有実	有見	有海	有魅	有観	有未	益美	益実	益見
あん	1313	1	杏
あんじゅ	514	6	杏樹	杏寿	杏珠	安樹	安寿	安珠
あんず	1280	1	杏
あんな	657	8	杏菜	杏奈	杏那	杏名	安菜	安奈	安那	安名
あんね	1143	7	杏	杏音	杏嶺	杏寧	安音	安嶺	安寧
あんの	1307	4	杏乃	杏野	安乃	安野
あんり	803	10	杏理	杏梨	杏利	杏里	杏莉	安理	安梨	安利	安里	安莉
いく	696	10	育	郁	伊久	伊玖	伊紅	伊来	伊來	衣久	衣玖	衣紅
いくえ	165	10	育恵	育枝	育江	育絵	育依	育衣	育英	育栄	育映	育愛
いくこ	852	8	育子	郁子	幾子	活子	生子	如子	伊久子	伊紅子
いくの	731	10	育乃	育野	郁乃	郁野	幾乃	幾野	活乃	活野	生乃	生野
いくみ	276	10	育美	育実	育見	育海	育魅	育観	育未	郁美	郁実	郁見
いくよ	611	10	育代	育世	育夜	郁代	郁世	郁夜	幾代	幾世	幾夜	活代
いこ	1185	4	伊子	衣子	依子	維子
いさき	252	8	伊咲	衣咲	依咲	維咲	伊沙紀	伊沙希	伊沙季	伊沙記
いさこ	642	9	勇子	勲子	義子	功子	績子	伊子	沙子	勳子	伊沙子
いさみ	138	10	勇	勇美	勇実	勇見	勇海	勇魅	勇観	勇未	勲美	勲実
いさよ	739	10	勇代	勇世	勇夜	勲代	勲世	勲夜	義代	義世	義夜	功代
いすず	1210	1	五十鈴
いずみ	422	10	泉	泉水	泉美	和泉	清泉	出水	出海	伊澄	伊純	伊住
いちご	1288	1	苺
いちこ	630	7	市子	一子	壹子	伊千子	伊知子	伊智子	伊茅子
いつか	246	10	逸香	逸花	逸佳	逸加	逸可	逸賀	逸嘉	逸果	逸夏	逸歌
いつき	55	10	済	斎	樹	逸紀	逸希	逸季	逸記	逸貴	逸樹	逸木
いつこ	926	8	逸子	乙子	五子	伍子	溢子	伊津子	伊都子	衣津子
いつみ	575	10	逸美	逸実	逸見	逸海	逸魅	逸観	逸未	乙美	乙実	乙見
いづみ	781	7	伊津美	伊津実	伊津見	伊津海	伊津魅	伊津観	伊津未
いつよ	998	10	逸代	逸世	逸夜	乙代	乙世	乙夜	五代	五世	五夜	伍代
いづる	827	8	伊鶴	伊弦	衣鶴	衣弦	依鶴	依弦	維鶴	維弦
いとえ	568	10	絃恵	絃枝	絃江	絃絵	絃依	絃衣	絃英	絃栄	絃映	絃愛
いとお	939	10	絃央	絃生	絃緒	絃音	糸央	糸生	糸緒	糸音	絲央	絲生
いとこ	1022	7	絃子	糸子	絲子	伊登子	伊都子	伊渡子	伊東子
いとの	983	8	絃乃	絃野	糸乃	糸野	絲乃	絲野	伊登乃	伊登野
いねこ	1214	6	稲子	稻子	伊音子	衣音子	依音子	維音子
いぶき	717	2	伊吹	息吹
いよ	997	10	伊代	伊世	伊夜	衣代	衣世	衣夜	依代	依世	依夜	維代
いりや	836	7	伊理矢	伊理弥	伊理耶	伊梨矢	伊梨弥	伊梨耶	伊利矢
うたえ	330	10	歌恵	歌枝	歌江	歌絵	歌依	歌衣	歌英	歌栄	歌映	歌愛
うたお	649	10	歌央	歌生	歌緒	歌音	詩央	詩生	詩緒	詩音	詠央	詠生
うたこ	950	9	歌子	詩子	詠子	唱子	謡子	唄子	謠子	頌子	羽多子
うたの	883	10	歌乃	歌野	詩乃	詩野	詠乃	詠野	唱乃	唱野	謡乃	謡野
うたよ	839	10	歌代	歌世	歌夜	詩代	詩世	詩夜	詠代	詠世	詠夜	唱代
うづき	1109	4	羽月	宇月	卯月	有月
うてな	1274	1	台臺
うの	1029	8	羽乃	羽野	宇乃	宇野	卯乃	卯野	有乃	有野
うみ	463	10	海	羽美	羽実	羽見	羽海	羽魅	羽観	羽未	宇美	宇実
うみえ	396	10	海恵	海枝	海江	海絵	海依	海衣	海英	海栄	海映	海愛
うみお	801	8	海央	海生	海緒	海音	羽美央	羽美生	羽美緒	羽美音
うみこ	1157	7	海子	羽美子	羽実子	宇美子	宇実子	卯美子	卯実子
うみの	982	7	海乃	海野	羽美乃	羽美野	羽実乃	羽実野	宇美乃
うみよ	920	7	海代	海世	海夜	羽美代	羽美世	羽美夜	羽実代
うめ	1369	1	梅
うめか	961	10	梅香	梅花	梅佳	梅加	梅可	梅賀	梅嘉	梅果	梅夏	梅歌
うめこ	1366	1	梅子
うらら	673	7	麗	羽良々	羽羅々	羽楽々	宇良々	宇羅々	宇楽々
えあ	479	10	恵亜	恵阿	恵愛	恵安	枝亜	枝阿	枝愛	枝安	江亜	江阿
えいか	209	10	永香	永花	永佳	永加	永可	永賀	永嘉	永果	永夏	永歌
えいこ	452	9	永子	栄子	英子	鋭子	映子	瑛子	詠子	恵衣子	恵依子
えいな	180	10	永菜	永奈	永那	永名	栄菜	栄奈	栄那	栄名	英菜	英奈
えいみ	71	10	永美	永実	永見	永海	永魅	永観	永未	栄美	栄実	栄見
えつこ	594	7	悦子	閲子	越子	恵津子	恵都子	枝津子	枝都子
えつみ	174	10	悦美	悦実	悦見	悦海	悦魅	悦観	悦未	閲美	閲実	閲見
えつよ	540	9	悦代	悦世	悦夜	閲代	閲世	閲夜	越代	越世	越夜
えな	168	10	恵菜	恵奈	恵那	恵名	枝菜	枝奈	枝那	枝名	江菜	江奈
えにし	1241	1	縁
えま	31	10	恵真	恵麻	恵満	恵摩	恵磨	恵舞	恵眞	枝真	枝麻	枝満
えみ	82	10	恵美	恵実	恵見	恵海	恵魅	恵観	恵未	枝美	枝実	枝見
えみか	50	7	恵美香	恵美花	恵美佳	恵美加	恵美可	恵美賀	恵美嘉
えみこ	577	7	恵美子	恵実子	枝美子	枝実子	江美子	江実子	絵美子
えみな	241	7	恵美菜	恵美奈	恵美那	恵美名	恵実菜	恵実奈	恵実那
えみり	83	7	恵美理	恵美梨	恵美利	恵美里	恵美莉	恵実理	恵実梨
えり	148	10	恵理	恵梨	恵利	恵里	恵莉	枝理	枝梨	枝利	枝里	枝莉
えりか	18	10	衿香	衿花	衿佳	衿加	衿可	衿賀	衿嘉	衿果	衿夏	衿歌
えりこ	267	7	衿子	恵理子	恵梨子	恵利子	恵里子	枝理子	枝梨子
えりな	68	8	衿菜	衿奈	衿那	衿名	恵理菜	恵理奈	恵理那	恵理名
えりの	232	7	衿乃	衿野	恵理乃	恵理野	恵梨乃	恵梨野	恵利乃
えれな	46	7	恵麗菜	恵麗奈	恵麗那	恵麗名	恵礼菜	恵礼奈	恵礼那
おうか	266	10	桜香	桜花	桜佳	桜加	桜可	桜賀	桜嘉	桜果	桜夏	桜歌
おうじゅ	813	10	桜樹	桜寿	桜珠	央樹	央寿	央珠	凰樹	凰寿	凰珠	櫻樹
おとえ	201	10	乙恵	乙枝	乙江	乙絵	乙依	乙衣	乙英	乙栄	乙映	乙愛
おとか	155	10	乙香	乙花	乙佳	乙加	乙可	乙賀	乙嘉	乙果	乙夏	乙歌
おとね	643	10	乙音	乙嶺	乙寧	音嶺	音寧	韻音	韻嶺	韻寧	響音	響嶺
おとは	532	10	乙葉	乙羽	音葉	音羽	韻葉	韻羽	響葉	響羽	吟葉	吟羽
おとみ	351	10	乙美	乙実	乙見	乙海	乙魅	乙観	乙未	音美	音実	音見
おとめ	766	10	乙女	乙芽	乙愛	音芽	音愛	韻芽	韻愛	響芽	響愛	吟芽
おとよ	887	10	乙代	乙世	乙夜	音代	音世	音夜	韻代	韻世	韻夜	響代
おとわ	474	10	乙和	乙羽	乙輪	乙環	音和	音羽	音輪	音環	韻和	韻羽
おみ	870	10	緒美	緒実	緒見	緒海	緒魅	緒観	緒未	央美	央実	央見
おりえ	425	10	織恵	織枝	織江	織絵	織依	織衣	織英	織栄	織映	織愛
おりこ	1095	7	織子	緒理子	緒梨子	緒利子	緒里子	央理子	央梨子
おりな	746	8	織菜	織奈	織那	織名	緒理菜	緒理奈	緒理那	緒理名
かえ	218	10	香恵	香枝	香江	香絵	香依	香衣	香英	香栄	香映	香愛
かえで	829	1	楓
かえでこ	1261	1	楓子
かえら	305	7	香恵良	香恵羅	香恵来	香枝良	香枝羅	香枝来	香江良
かおり	25	11	香	薫	芳	郁	馨	香理	香梨	香利	香里	香莉	薫理
かおる	227	11	香	馨	薫	芳	郁	香流	香留	香瑠	薫流	薫留	薫瑠
かおるこ	1086	5	香子	薫子	芳子	郁子	馨子
かがり	240	5	篝炬香賀理	香賀梨	香賀利	香賀里	香賀莉
かぐや	871	3	輝夜	迦具夜	加久矢
かこ	734	10	香子	花子	佳子	加子	可子	賀子	嘉子	果子	夏子	歌子
かさね	181	9	重	累	重音	重嶺	重寧	累音	累嶺	累寧	香沙音
かず	914	10	香須	香寿	香津	花須	花寿	花津	佳須	佳寿	佳津	加須
かずえ	121	10	和恵	和枝	和江	和絵	和依	和衣	和英	和栄	和映	和愛
かすが	1378	1	春日
かすか	347	7	香須香	香須花	香須佳	香須加	香須可	香須賀	香須嘉
かずき	39	10	和紀	和希	和季	和記	和貴	和樹	和木	和輝	和生	和喜
かずこ	485	10	和子	一子	計子	員子	数子	起子	憲子	寿子	千子	知子
かずさ	218	10	和沙	和佐	和砂	和咲	和紗	一沙	一佐	一砂	一咲	一紗
かずな	303	10	和菜	和奈	和那	和名	一菜	一奈	一那	一名	計菜	計奈
かずね	579	10	和音	和嶺	和寧	一音	一嶺	一寧	計音	計嶺	計寧	員音
かずの	694	10	和乃	和野	一乃	一野	計乃	計野	員乃	員野	数乃	数野
かずは	379	10	和葉	和羽	一葉	一羽	計葉	計羽	員葉	員羽	数葉	数羽
かずほ	380	10	和穂	和保	和歩	和帆	和畝	一穂	一保	一歩	一帆	一畝
かずみ	274	10	和美	和実	和見	和海	和魅	和観	和未	一美	一実	一見
かずみ	274	10	霞	香澄	香純	香住	花澄	花純	花住	佳澄	佳純	佳住
かずよ	484	10	和代	和世	和夜	一代	一世	一夜	計代	計世	計夜	員代
かづえ	686	7	香津恵	香津枝	香津江	香津絵	香津依	香津衣	香津英
かづき	657	10	香月	花月	佳月	加月	可月	賀月	嘉月	果月	夏月	歌月
かづき	657	10	勝紀	勝希	勝季	勝記	勝貴	勝樹	勝木	勝輝	勝生	勝喜
かつこ	958	8	勝子	克子	且子	活子	香津子	香都子	花津子	花都子
かづこ	1140	7	香津子	花津子	佳津子	加津子	可津子	賀津子	嘉津子
かづさ	933	7	香津沙	香津佐	香津砂	香津咲	香津紗	花津沙	花津佐
かづな	990	7	香津菜	香津奈	香津那	香津名	花津菜	花津奈	花津那
かづね	1098	7	香津音	香津嶺	香津寧	花津音	花津嶺	花津寧	佳津音
かづの	1068	7	香津乃	香津野	花津乃	花津野	佳津乃	佳津野	加津乃
かづは	925	7	香津葉	香津羽	花津葉	花津羽	佳津葉	佳津羽	加津葉
かづほ	1012	7	香津穂	香津保	香津歩	香津帆	香津畝	花津穂	花津保
かつみ	639	10	勝美	勝実	勝見	勝海	勝魅	勝観	勝未	克美	克実	克見
かづみ	853	7	香津美	香津実	香津見	香津海	香津魅	香津観	香津未
かつよ	897	10	勝代	勝世	勝夜	克代	克世	克夜	且代	且世	且夜	活代
かづよ	1172	7	香津代	香津世	香津夜	花津代	花津世	花津夜	佳津代
かつら	1354	2	桂	藤
かつらこ	1357	2	桂子	藤子
かとり	685	10	香鳥	花鳥	佳鳥	加鳥	可鳥	賀鳥	嘉鳥	果鳥	夏鳥	歌鳥
かな	277	10	香菜	香奈	香那	香名	花菜	花奈	花那	花名	佳菜	佳奈
かなえ	57	10	叶恵	叶枝	叶江	叶絵	叶依	叶衣	叶英	叶栄	叶映	叶愛
かなか	533	7	香菜香	香菜花	香菜佳	香菜加	香菜可	香菜賀	香菜嘉
かなぎ	774	10	叶樹	叶木	奏樹	奏木	要樹	要木	香凪	花凪	佳凪	加凪
かなこ	406	7	叶子	奏子	香菜子	香奈子	香那子	香名子	花菜子
かなつ	912	10	叶津	叶都	奏津	奏都	香夏	花夏	佳夏	加夏	可夏	賀夏
かなで	942	1	奏
かなね	841	8	叶音	叶嶺	叶寧	奏音	奏嶺	奏寧	香菜音	香菜嶺
かなの	889	8	叶乃	叶野	奏乃	奏野	香菜乃	香菜野	香奈乃	香奈野
かなみ	166	10	叶美	叶実	叶見	叶海	叶魅	叶観	叶未	奏美	奏実	奏見
かなめ	327	10	要	紀	最	叶芽	叶愛	奏芽	奏愛	要芽	要愛	香菜芽
かの	675	10	香乃	香野	花乃	花野	佳乃	佳野	加乃	加野	可乃	可野
かのり	653	10	叶理	叶梨	叶利	叶里	叶莉	香紀	香徳	香則	香典	花紀
かのん	441	10	香音	花音	佳音	加音	可音	賀音	嘉音	果音	夏音	歌音
かほ	290	10	香穂	香保	香歩	香帆	香畝	花穂	花保	花歩	花帆	花畝
かほり	661	7	香穂理	香穂梨	香穂利	香穂里	香穂莉	香保理	香保梨
かほる	987	7	香穂流	香穂留	香穂瑠	香保流	香保留	香保瑠	香歩流
かや	656	10	香矢	香弥	香耶	花矢	花弥	花耶	佳矢	佳弥	佳耶	加矢
かよ	652	10	香代	香世	香夜	花代	花世	花夜	佳代	佳世	佳夜	加代
かよこ	733	7	香代子	香夜子	香世子	花代子	花夜子	花世子	佳代子
かよの	953	7	香代乃	香代野	香夜乃	香夜野	香世乃	香世野	花代乃
かりな	419	7	香理菜	香理奈	香理那	香理名	香梨菜	香梨奈	香梨那
かりん	462	10	香凛	香輪	香鈴	香倫	花凛	花輪	花鈴	花倫	佳凛	佳輪
かれん	496	10	香憐	香恋	香蓮	香廉	花憐	花恋	花蓮	花廉	佳憐	佳恋
かんこ	1316	4	寛子	幹子	環子	栞子
かんな	318	10	寛菜	寛奈	寛那	寛名	幹菜	幹奈	幹那	幹名	環菜	環奈
きあ	917	10	樹亜	樹阿	樹愛	樹安	紀亜	紀阿	紀愛	紀安	希亜	希阿
きい	479	10	樹衣	樹依	樹維	樹伊	樹以	樹唯	紀衣	紀依	紀維	紀伊
きいこ	932	7	樹衣子	樹依子	紀衣子	紀依子	希衣子	希依子	貴衣子
きえ	478	10	樹恵	樹枝	樹江	樹絵	樹依	樹衣	樹英	樹栄	樹映	樹愛
きえこ	830	7	樹恵子	樹枝子	樹江子	樹絵子	紀恵子	紀枝子	紀江子
きき	437	10	樹紀	樹希	樹季	樹記	樹貴	樹々	樹木	樹輝	樹生	樹喜
ききょう	1286	1	桔梗
きく	795	10	菊	掬	鞠	樹久	樹玖	樹紅	樹来	樹來	紀久	紀玖
きくえ	348	10	菊恵	菊枝	菊江	菊絵	菊依	菊衣	菊英	菊栄	菊映	菊愛
きくこ	1089	7	菊子	掬子	鞠子	樹久子	樹紅子	紀久子	紀紅子
きくの	1101	8	菊乃	菊野	掬乃	掬野	鞠乃	鞠野	樹久乃	樹久野
きくみ	864	10	菊美	菊実	菊見	菊海	菊魅	菊観	菊未	掬美	掬実	掬見
きくよ	1106	9	菊代	菊世	菊夜	掬代	掬世	掬夜	鞠代	鞠世	鞠夜
きこ	1090	4	樹子	紀子	希子	貴子
きさ	820	10	樹沙	樹佐	樹砂	樹咲	樹紗	紀沙	紀佐	紀砂	紀咲	紀紗
きさえ	609	7	樹沙恵	樹沙枝	樹沙江	樹沙絵	樹沙依	樹沙衣	樹沙英
きさき	416	8	樹咲	紀咲	希咲	貴咲	樹沙紀	樹沙希	樹沙季	樹沙記
きさこ	989	7	樹沙子	樹佐子	樹砂子	樹咲子	樹紗子	樹小子	紀沙子
きさみ	736	7	樹沙美	樹沙実	樹沙見	樹沙海	樹沙魅	樹沙観	樹沙未
きさら	570	7	樹沙良	樹沙羅	樹沙来	樹佐良	樹佐羅	樹佐来	樹砂良
きずな	1350	1	絆緤
きっか	1303	1	菊花
きぬ	1391	1	絹
きぬえ	1158	10	絹恵	絹枝	絹江	絹絵	絹依	絹衣	絹英	絹栄	絹映	絹愛
きぬか	1137	10	絹香	絹花	絹佳	絹加	絹可	絹賀	絹嘉	絹果	絹夏	絹歌
きぬこ	1384	1	絹子
きぬよ	1365	3	絹代	絹世	絹夜
きの	1217	8	樹乃	樹野	紀乃	紀野	希乃	希野	貴乃	貴野
きみ	1010	10	樹美	樹実	樹見	樹海	樹魅	樹観	樹未	紀美	紀実	紀見
きみえ	525	10	君恵	君枝	君江	君絵	君依	君衣	君英	君栄	君映	君愛
きみか	394	10	君香	君花	君佳	君加	君可	君賀	君嘉	君果	君夏	君歌
きみこ	882	7	君子	公子	淑子	樹美子	樹実子	紀美子	紀実子
きみな	1065	7	樹美菜	樹美奈	樹美那	樹美名	樹実菜	樹実奈	樹実那
きみよ	1000	9	君代	君世	君夜	公代	公世	公夜	淑代	淑世	淑夜
きゆ	866	10	樹由	樹優	樹遊	樹悠	樹夕	樹有	樹祐	樹結	樹友	樹由
きょう	1086	16	京	今日	恭	響	鏡	教	匡	杏	享	馨	亨	共	喬	境	興	郷
きょうか	145	10	京香	京花	京佳	京加	京可	京賀	京嘉	京果	京夏	京歌
きょうこ	568	9	京子	今日子	恭子	響子	鏡子	教子	匡子	杏子	享子
きよえ	579	10	清恵	清枝	清江	清絵	清依	清衣	清英	清栄	清映	清愛
きよこ	972	8	清子	聖子	浄子	潔子	精子	樹代子	樹夜子	樹世子
きよね	1066	10	清音	清嶺	清寧	聖音	聖嶺	聖寧	浄音	浄嶺	浄寧	潔音
きよの	775	10	清乃	清野	聖乃	聖野	浄乃	浄野	潔乃	潔野	精乃	精野
きよみ	403	10	雪	澄	清美	清実	清見	清海	清魅	清観	清未	聖美
きら	983	10	樹良	樹羅	樹来	紀良	紀羅	紀来	希良	希羅	希来	貴良
きらら	993	7	樹良々	樹羅々	樹楽々	紀良々	紀羅々	紀楽々	希良々
きらり	814	7	樹良理	樹良梨	樹良利	樹良里	樹良莉	樹羅理	樹羅梨
きり	1103	10	桐	霧	樹理	樹梨	樹利	樹里	樹莉	紀理	紀梨	紀利
きりえ	457	10	桐恵	桐枝	桐江	桐絵	桐依	桐衣	桐英	桐栄	桐映	桐愛
きりお	907	9	桐央	桐生	桐緒	桐音	霧央	霧生	霧緒	霧音	樹理央
きりか	418	10	桐香	桐花	桐佳	桐加	桐可	桐賀	桐嘉	桐果	桐夏	桐歌
きりこ	806	7	桐子	霧子	樹理子	樹梨子	樹利子	樹里子	紀理子
きりは	957	8	桐葉	桐羽	霧葉	霧羽	樹理葉	樹理羽	樹梨葉	樹梨羽
きわ	1070	10	樹和	樹羽	樹輪	樹環	紀和	紀羽	紀輪	紀環	希和	希羽
きわこ	947	7	樹和子	樹羽子	樹輪子	樹環子	紀和子	紀羽子	紀輪子
ぎんこ	1318	2	銀子	吟子
くおん	734	10	久音	久苑	久園	久遠	玖音	玖苑	玖園	玖遠	公音	公苑
くずは	1288	1	葛葉
くに	1345	4	久仁	玖仁	公仁	紅仁
くにえ	333	10	邦恵	邦枝	邦江	邦絵	邦依	邦衣	邦英	邦栄	邦映	邦愛
くにか	189	10	邦香	邦花	邦佳	邦加	邦可	邦賀	邦嘉	邦果	邦夏	邦歌
くにこ	756	10	邦子	国子	國子	郁子	訓子	州子	都子	一子	乙子	業子
くによ	745	10	邦代	邦世	邦夜	国代	国世	国夜	國代	國世	國夜	郁代
くみ	672	10	久美	久実	久見	久海	久魅	久観	久未	玖美	玖実	玖見
くみえ	523	10	組恵	組枝	組江	組絵	組依	組衣	組英	組栄	組映	組愛
くみこ	1088	7	組子	綸子	久美子	久実子	玖美子	玖実子	公美子
くらら	1061	7	久良々	久羅々	久楽々	玖良々	玖羅々	玖楽々	公良々
くらん	1337	4	久蘭	玖蘭	公蘭	紅蘭
くりえ	760	7	久理恵	久理枝	久理江	久理絵	久理依	久理衣	久理英
くりこ	1107	7	久理子	久梨子	久利子	久里子	玖理子	玖梨子	玖利子
くりす	966	7	久理須	久理寿	久梨須	久梨寿	久利須	久利寿	久里須
くるみ	1041	1	胡桃
くれあ	390	10	呉亜	呉阿	呉愛	呉安	紅亜	紅阿	紅愛	紅安	暮亜	暮阿
くれない	1373	1	紅
くれは	847	6	呉葉	呉羽	紅葉	紅羽	暮葉	暮羽
けい	73	16	恵	敬	啓	圭	憩	慶	景	桂	佳	慧	惠	珪	馨	京	契	径
けいか	12	10	恵香	恵花	恵佳	恵加	恵可	恵賀	恵嘉	恵果	恵夏	恵歌
けいこ	235	10	恵子	敬子	啓子	圭子	憩子	慶子	景子	桂子	佳子	慧子
けいと	111	10	恵登	恵都	恵渡	敬登	敬都	敬渡	啓登	啓都	啓渡	圭登
けいな	45	10	恵菜	恵奈	恵那	恵名	敬菜	敬奈	敬那	敬名	啓菜	啓奈
こあき	1093	8	小秋	小明	小晶	小瑛	小陽	小旭	小映	小暁
こい	1357	1	恋
こう	1196	4	幸	光	好	香
こうこ	936	4	幸子	光子	好子	香子
こうみ	548	10	幸美	幸実	幸見	幸海	幸魅	幸観	幸未	光美	光実	光見
こうめ	1254	1	小梅
こかげ	1351	1	小景
ここ	1193	1	湖子
こころ	995	2	心	真心
こずえ	382	11	梢	標	槙	槇	梢恵	梢枝	梢江	梢絵	梢依	梢衣	梢英
こすず	1334	1	小鈴
こだち	1368	2	木立	小立
こだま	1355	3	小玉	木精	韻
こづえ	1053	7	小津恵	小津枝	小津江	小津絵	小津依	小津衣	小津英
ことえ	651	10	琴恵	琴枝	琴江	琴絵	琴依	琴衣	琴英	琴栄	琴映	琴愛
ことこ	724	5	琴子	小登子	小都子	小渡子	小東子
ことね	773	7	琴音	琴嶺	琴寧	小登音	小登嶺	小登寧	小都音
ことの	1112	7	琴乃	琴野	小登乃	小登野	小都乃	小都野	小渡乃
ことみ	565	9	琴美	琴実	琴見	琴海	琴魅	琴観	琴未	小登美	小登実
ことよ	1263	7	琴代	琴世	琴夜	小登代	小登世	小登夜	小都代
ことり	1299	1	小鳥
こなぎ	1343	2	小凪	湖凪
こなつ	935	7	小夏	小菜津	小菜都	小奈津	小奈都	小那津	小那都
こなみ	820	7	小波	湖波	小菜美	小菜実	小菜見	小菜海	小菜魅
このえ	706	10	好恵	好枝	好江	好絵	好依	好衣	好英	好栄	好映	好愛
このか	287	10	好香	好花	好佳	好加	好可	好賀	好嘉	好果	好夏	好歌
このは	944	4	木の葉	木葉	木乃葉	木乃羽
このみ	555	10	好	喜	好美	好実	好見	好海	好魅	好観	好未	近美
こはく	1260	1	琥珀
こばと	1372	2	小鳩	小鴿
こはる	423	9	小春	小晴	小治	小遥	小悠	小陽	小映	小葉流	小葉留
こふゆ	1376	1	小冬
こべに	1387	1	小紅
こぼし	1390	1	小星
こまき	666	8	小牧	小槙	小槇	小巻	小蒔	小真紀	小真希	小真季
こまち	1016	7	小町	小待	小真知	小真智	小真茅	小麻知	小麻智
こみち	1216	8	小道	小路	小径	小途	小通	小倫	小美知	小美智
こむぎ	1371	1	小麦
こもえ	969	7	小萌	小萌恵	小萌枝	小萌江	小萌絵	小萌依	小萌衣
こゆき	384	7	小雪	小幸	小由紀	小由希	小由季	小由記	小由貴
こゆみ	913	7	小弓	小由美	小由実	小由見	小由海	小由魅	小由観
こゆり	895	7	小百合	小由理	小由梨	小由利	小由里	小由莉	小有理
こよい	1181	7	小宵	小代衣	小代依	小代維	小代伊	小代以	小代唯
こよみ	786	9	暦	暦美	暦実	暦見	暦海	暦魅	暦観	暦未	小代美
こより	822	7	小依	小頼	小代理	小代梨	小代利	小代里	小代莉
さあこ	1029	7	小亜子	小阿子	早亜子	早阿子	沙亜子	沙阿子	砂亜子
さあや	134	10	小綾	小彩	小絢	小文	小礼	小斐	早綾	早彩	早絢	早文
さいか	44	10	彩香	彩花	彩佳	彩加	彩可	彩賀	彩嘉	彩果	彩夏	彩歌
さいこ	638	10	彩子	採子	采子	哉子	裁子	才子	歳子	宰子	斎子	西子
さえ	157	10	小恵	小枝	小江	小絵	小依	小衣	小英	小栄	小映	小愛
さえか	182	10	冴香	冴花	冴佳	冴加	冴可	冴賀	冴嘉	冴果	冴夏	冴歌
さえこ	421	7	冴子	彩子	紗子	小恵子	小枝子	小江子	小絵子
さえみ	164	10	冴美	冴実	冴見	冴海	冴魅	冴観	冴未	彩美	彩実	彩見
さおり	59	10	小織	小居	早織	早居	沙織	沙居	砂織	砂居	佐織	佐居
さかえ	101	10	栄	榮	栄恵	栄枝	栄江	栄絵	栄依	栄衣	栄英	栄映
さき	72	10	咲	小紀	小希	小季	小記	小貴	小樹	小木	小輝	小生
さきえ	28	10	咲恵	咲枝	咲江	咲絵	咲依	咲衣	咲英	咲栄	咲映	咲愛
さきこ	244	7	咲子	小樹子	小紀子	小希子	小貴子	小規子	小基子
さきり	208	10	咲理	咲梨	咲利	咲里	咲莉	小桐	小霧	早桐	早霧	沙桐
さくの	545	8	朔乃	朔野	咲乃	咲野	小久乃	小久野	小紅乃	小紅野
さくや	174	9	朔夜	朔矢	朔弥	朔耶	咲矢	咲弥	咲耶	小久矢	小久弥
さくら	248	9	桜	櫻	朔良	朔羅	朔来	咲良	咲羅	咲来	小久良
さくらこ	1019	5	桜子	朔良子	朔羅子	咲良子	咲羅子
ささ	629	10	笹	小沙	小佐	小砂	小咲	小紗	早沙	早佐	早砂	早咲
ささえ	88	10	笹恵	笹枝	笹江	笹絵	笹依	笹衣	笹英	笹栄	笹映	笹愛
ささこ	679	8	笹子	小子	楽子	樂子	小沙子	小佐子	小砂子	小咲子
ささの	538	9	笹乃	笹野	小乃	小野	楽乃	楽野	樂乃	樂野	小沙乃
ささは	461	9	笹葉	笹羽	小葉	小羽	楽葉	楽羽	樂葉	樂羽	小沙葉
ささみ	229	10	笹美	笹実	笹見	笹海	笹魅	笹観	笹未	小美	小実	小見
ささよ	377	10	笹代	笹世	笹夜	小代	小世	小夜	楽代	楽世	楽夜	樂代
さしゃ	618	10	小紗	小沙	早紗	早沙	沙紗	砂紗	砂沙	佐紗	佐沙	咲紗
さだえ	647	10	禎恵	禎枝	禎江	禎絵	禎依	禎衣	禎英	禎栄	禎映	禎愛
さだこ	1244	6	禎子	定子	貞子	完子	節子	真子
さだよ	1153	10	禎代	禎世	禎夜	定代	定世	定夜	貞代	貞世	貞夜	完代
さち	543	10	小知	小智	小茅	早知	早智	早茅	沙知	沙智	沙茅	砂知
さちえ	89	10	幸恵	幸枝	幸江	幸絵	幸依	幸衣	幸英	幸栄	幸映	幸愛
さちこ	544	8	幸子	祥子	倖子	禎子	祐子	小千子	小知子	小智子
さちよ	326	10	幸代	幸世	幸夜	祥代	祥世	祥夜	倖代	倖世	倖夜	禎代
さつき	35	10	五月	皐月	颯紀	颯希	颯季	颯記	颯貴	颯樹	颯木	颯輝
さと	958	10	小登	小都	小渡	早登	早都	早渡	沙登	沙都	沙渡	砂登
さとえ	105	10	聡恵	聡枝	聡江	聡絵	聡依	聡衣	聡英	聡栄	聡映	聡愛
さとこ	295	10	聡子	里子	智子	聖子	理子	郷子	恵子	慧子	賢子	悟子
さとの	373	10	聡乃	聡野	里乃	里野	智乃	智野	聖乃	聖野	理乃	理野
さとみ	66	10	聡美	聡実	聡見	聡海	聡魅	聡観	聡未	里美	里実	里見
さとよ	317	10	聡代	聡世	聡夜	里代	里世	里夜	智代	智世	智夜	聖代
さな	133	10	小菜	小奈	小那	小名	早菜	早奈	早那	早名	沙菜	沙奈
さなえ	102	9	小苗	早苗	沙苗	砂苗	佐苗	咲苗	紗苗	小菜恵	小菜枝
さなか	362	7	小菜香	小菜花	小菜佳	小菜加	小菜可	小菜賀	小菜嘉
さなこ	704	7	小菜子	小奈子	小那子	小名子	早菜子	早奈子	早那子
さなみ	289	7	小菜美	小菜実	小菜見	小菜海	小菜魅	小菜観	小菜未
さね	1073	10	小音	小嶺	小寧	早音	早嶺	早寧	沙音	沙嶺	沙寧	砂音
さねこ	1219	7	小音子	早音子	沙音子	砂音子	佐音子	咲音子	紗音子
さまき	265	7	小真紀	小真希	小真季	小真記	小真貴	小真樹	小真木
さまこ	837	7	小真子	小麻子	小眞子	小摩子	小磨子	早真子	早麻子
さまな	455	7	小真菜	小真奈	小真那	小真名	小麻菜	小麻奈	小麻那
さまよ	593	7	小真代	小真世	小真夜	小麻代	小麻世	小麻夜	小眞代
さや	301	10	小矢	小弥	小耶	早矢	早弥	早耶	沙矢	沙弥	沙耶	砂矢
さやか	16	10	莢香	莢花	莢佳	莢加	莢可	莢賀	莢嘉	莢果	莢夏	莢歌
さやこ	352	7	莢子	爽子	小也子	小矢子	小弥子	小耶子	早也子
さやの	596	8	莢乃	莢野	爽乃	爽野	小也乃	小也野	小矢乃	小矢野
さゆ	262	10	小由	小優	小遊	小悠	小夕	小有	小祐	小結	小友	小由
さゆき	34	10	小雪	小幸	早雪	早幸	沙雪	沙幸	砂雪	砂幸	佐雪	佐幸
さゆこ	631	7	小由子	小有子	小悠子	小祐子	小裕子	小夢子	早由子
さゆみ	184	9	小弓	早弓	沙弓	砂弓	佐弓	咲弓	紗弓	小由美	小由実
さゆり	146	7	小百合	早百合	沙百合	砂百合	佐百合	咲百合	紗百合
さよ	648	10	小代	小世	小夜	早代	早世	早夜	沙代	沙世	沙夜	砂代
さよこ	885	7	小代子	小夜子	小世子	早代子	早夜子	早世子	沙代子
さより	388	7	小代理	小代梨	小代利	小代里	小代莉	小夜理	小夜梨
さら	122	10	小良	小羅	小来	早良	早羅	早来	沙良	沙羅	沙来	砂良
さらら	1004	7	小良々	小羅々	小楽々	早良々	早羅々	早楽々	沙良々
さり	722	10	小理	小梨	小利	小里	小莉	早理	早梨	早利	早里	早莉
さりお	559	7	小理央	小理生	小理緒	小理音	小梨央	小梨生	小梨緒
さりな	453	7	小理菜	小理奈	小理那	小理名	小梨菜	小梨奈	小梨那
さわ	258	10	小和	小羽	小輪	小環	早和	早羽	早輪	早環	沙和	沙羽
さわこ	684	7	小和子	小羽子	小輪子	小環子	早和子	早羽子	早輪子
さんご	1356	1	珊瑚
しあ	809	10	詩亜	詩阿	詩愛	詩安	史亜	史阿	史愛	史安	志亜	志阿
しあん	979	8	詩杏	詩安	史杏	史安	志杏	志安	紫杏	紫安
しい	669	10	詩衣	詩依	詩維	詩伊	詩以	詩唯	史衣	史依	史維	史伊
しいこ	1139	7	椎子	詩衣子	詩依子	史衣子	史依子	志衣子	志依子
しいな	411	8	椎菜	椎奈	椎那	椎名	詩衣菜	詩衣奈	詩衣那	詩衣名
しいね	880	7	椎音	椎嶺	椎寧	詩衣音	詩衣嶺	詩衣寧	詩依音
しおり	56	9	栞	詩織	詩居	史織	史居	志織	志居	紫織	紫居
しおん	428	10	詩音	詩苑	詩園	詩遠	史音	史苑	史園	史遠	志音	志苑
しぐれ	1148	1	時雨
しげか	497	10	繁香	繁花	繁佳	繁加	繁可	繁賀	繁嘉	繁果	繁夏	繁歌
しげこ	949	10	繁子	滋子	茂子	成子	重子	賀子	慈子	樹子	盛子	森子
しげみ	660	10	繁美	繁実	繁見	繁海	繁魅	繁観	繁未	滋美	滋実	滋見
しげよ	1023	10	繁代	繁世	繁夜	滋代	滋世	滋夜	茂代	茂世	茂夜	成代
しげる	986	10	繁流	繁留	繁瑠	滋流	滋留	滋瑠	茂流	茂留	茂瑠	成流
しず	1113	10	詩須	詩寿	詩津	史須	史寿	史津	志須	志寿	志津	紫須
しずえ	591	10	静恵	静枝	静江	静絵	静依	静衣	静英	静栄	静映	静愛
しずか	381	10	静	閑	静香	静花	静佳	静加	静可	静賀	静嘉	静果
しずく	215	10	滴	雫	滴久	滴玖	滴紅	滴来	滴來	雫久	雫玖	雫紅
しずこ	1115	7	静子	閑子	詩須子	詩寿子	史須子	史寿子	志須子
しずね	919	8	静音	静嶺	静寧	閑音	閑嶺	閑寧	詩須音	詩須嶺
しずの	1168	8	静乃	静野	閑乃	閑野	詩須乃	詩須野	詩寿乃	詩寿野
しずは	1003	8	静葉	静羽	閑葉	閑羽	詩須葉	詩須羽	詩寿葉	詩寿羽
しずよ	1119	8	静代	静世	静夜	閑代	閑世	閑夜	詩須代	詩須世
しずる	757	8	静流	静留	静瑠	閑流	閑留	閑瑠	詩須流	詩須留
しづえ	1060	10	静恵	静枝	静江	静絵	静依	静衣	静英	静栄	静映	静愛
しづか	854	10	静	閑	静香	静花	静佳	静加	静可	静賀	静嘉	静果
しづき	890	4	詩月	史月	志月	紫月
しづく	1099	10	静久	静玖	静紅	静来	静來	閑久	閑玖	閑紅	閑来	閑來
しづこ	1244	6	静子	閑子	詩津子	史津子	志津子	紫津子
しづね	1154	8	静音	静嶺	静寧	閑音	閑嶺	閑寧	詩津音	詩津嶺
しづの	1243	8	静乃	静野	閑乃	閑野	詩津乃	詩津野	史津乃	史津野
しづは	1173	8	静葉	静羽	閑葉	閑羽	詩津葉	詩津羽	史津葉	史津羽
しづよ	1265	8	静代	静世	静夜	閑代	閑世	閑夜	詩津代	詩津世
しづる	973	10	静流	静留	静瑠	閑流	閑留	閑瑠	詩鶴	詩弦	史鶴	史弦
しの	663	8	詩乃	詩野	史乃	史野	志乃	志野	紫乃	紫野
しのぶ	1226	2	忍	偲
しほ	448	10	詩穂	詩保	詩歩	詩帆	詩畝	史穂	史保	史歩	史帆	史畝
しほこ	1202	7	詩穂子	詩保子	詩歩子	史穂子	史保子	史歩子	志穂子
しほみ	859	7	詩穂美	詩穂実	詩穂見	詩穂海	詩穂魅	詩穂観	詩穂未
しほり	848	7	詩穂理	詩穂梨	詩穂利	詩穂里	詩穂莉	詩保理	詩保梨
しま	967	10	詩真	詩麻	詩満	詩摩	詩磨	詩舞	詩眞	史真	史麻	史満
しまこ	1111	7	詩真子	詩麻子	詩眞子	詩摩子	詩磨子	史真子	史麻子
じゅね	1206	6	樹音	樹嶺	樹寧	寿音	寿嶺	寿寧
じゅり	764	10	樹理	樹梨	樹利	樹里	樹莉	寿理	寿梨	寿利	寿里	寿莉
じゅりあ	491	7	樹理亜	樹理阿	樹理愛	樹理安	樹梨亜	樹梨阿	樹梨愛
じゅん	944	13	順	純	潤	淳	惇	醇	准	準	旬	洵	詢	絢	諄徇巡
しゅんか	983	10	俊香	俊花	俊佳	俊加	俊可	俊賀	俊嘉	俊果	俊夏	俊歌
じゅんか	676	10	順香	順花	順佳	順加	順可	順賀	順嘉	順果	順夏	順歌
しゅんこ	1341	4	俊子	駿子	峻子	春子
じゅんこ	876	10	順子	純子	潤子	淳子	惇子	醇子	准子	準子	旬子	洵子
しゅんな	1222	10	俊菜	俊奈	俊那	俊名	駿菜	駿奈	駿那	駿名	峻菜	峻奈
じゅんな	738	10	順菜	順奈	順那	順名	純菜	純奈	純那	純名	潤菜	潤奈
しょう	1238	8	祥	昌	晶	翔	抄	菖	梢	粧
しょうか	541	10	祥香	祥花	祥佳	祥加	祥可	祥賀	祥嘉	祥果	祥夏	祥歌
しょうこ	573	10	祥子	庄子	昌子	生子	晶子	章子	翔子	尚子	笑子	昇子
しんく	1285	2	深紅	真紅
しんこ	1207	9	進子	真子	信子	慎子	伸子	晋子	新子	眞子	親子
すがこ	1259	4	須賀子	須香子	寿賀子	寿香子
すず	931	6	鈴	紗	須寿	須津	寿須	寿津
すずえ	816	10	鈴恵	鈴枝	鈴江	鈴絵	鈴依	鈴衣	鈴英	鈴栄	鈴映	鈴愛
すずか	483	10	鈴香	鈴花	鈴佳	鈴加	鈴可	鈴賀	鈴嘉	鈴果	鈴夏	鈴歌
すずき	818	10	鈴紀	鈴希	鈴季	鈴記	鈴貴	鈴樹	鈴木	鈴輝	鈴生	鈴喜
すずこ	1267	4	鈴子	涼子	須寿子	寿須子
すずな	832	9	鈴菜	鈴奈	鈴那	鈴名	涼菜	涼奈	涼那	涼名	須寿菜
すずね	874	8	鈴音	鈴嶺	鈴寧	涼音	涼嶺	涼寧	須寿音	須寿嶺
すずの	1125	8	鈴乃	鈴野	涼乃	涼野	須寿乃	須寿野	寿須乃	寿須野
すずは	1164	8	鈴葉	鈴羽	涼葉	涼羽	須寿葉	須寿羽	寿須葉	寿須羽
すずみ	903	10	鈴美	鈴実	鈴見	鈴海	鈴魅	鈴観	鈴未	涼美	涼実	涼見
すずめ	1282	8	鈴芽	鈴愛	涼芽	涼愛	須寿芽	須寿愛	寿須芽	寿須愛
すずらん	1377	1	鈴蘭
すばる	1342	1	昴
すま	1268	10	須真	須麻	須満	須摩	須磨	須舞	須眞	寿真	寿麻	寿満
すまこ	1231	7	須真子	須麻子	須眞子	須摩子	須磨子	寿真子	寿麻子
すみ	1039	10	須美	須実	須見	須海	須魅	須観	須未	寿美	寿実	寿見
すみえ	323	10	澄恵	澄枝	澄江	澄絵	澄依	澄衣	澄英	澄栄	澄映	澄愛
すみか	399	10	澄香	澄花	澄佳	澄加	澄可	澄賀	澄嘉	澄果	澄夏	澄歌
すみこ	1013	10	澄子	純子	住子	維子	淑子	粛子	処子	清子	精子	統子
すみよ	1034	10	澄代	澄世	澄夜	純代	純世	純夜	住代	住世	住夜	維代
すみれ	112	10	菫	澄麗	澄零	澄礼	澄怜	澄鈴	澄玲	澄伶	純麗	純零
すもも	1363	1	李
せい	482	13	聖	静	清	晴	誓	星	整	靖	瀬衣	瀬依	瀬維	瀬伊	瀬以
せいか	30	10	瀬香	瀬花	瀬佳	瀬加	瀬可	瀬賀	瀬嘉	瀬果	瀬夏	瀬歌
せいこ	578	10	瀬子	聖子	静子	世子	清子	晴子	靖子	誓子	星子	整子
せいな	236	10	瀬菜	瀬奈	瀬那	瀬名	聖菜	聖奈	聖那	聖名	静菜	静奈
せいら	290	10	瀬良	瀬羅	瀬来	聖良	聖羅	聖来	静良	静羅	静来	世良
せつ	1330	4	瀬津	瀬都	世津	世都
せつこ	1084	8	節子	摂子	説子	雪子	瀬津子	瀬都子	世津子	世都子
せつな	806	10	節菜	節奈	節那	節名	摂菜	摂奈	摂那	摂名	説菜	説奈
せつみ	868	10	節美	節実	節見	節海	節魅	節観	節未	摂美	摂実	摂見
せつよ	1124	10	節代	節世	節夜	摂代	摂世	摂夜	説代	説世	説夜	雪代
せな	557	8	瀬菜	瀬奈	瀬那	瀬名	世菜	世奈	世那	世名
せら	1130	6	瀬良	瀬羅	瀬来	世良	世羅	世来
せり	681	10	瀬理	瀬梨	瀬利	瀬里	瀬莉	世理	世梨	世利	世里	世莉
せりえ	785	10	芹恵	芹枝	芹江	芹絵	芹依	芹衣	芹英	芹栄	芹映	芹愛
せりか	444	10	芹香	芹花	芹佳	芹加	芹可	芹賀	芹嘉	芹果	芹夏	芹歌
せりこ	1150	7	芹子	瀬理子	瀬梨子	瀬利子	瀬里子	世理子	世梨子
せりな	431	8	芹菜	芹奈	芹那	芹名	瀬理菜	瀬理奈	瀬理那	瀬理名
せりの	1095	7	芹乃	芹野	瀬理乃	瀬理野	瀬梨乃	瀬梨野	瀬利乃
せりは	851	7	芹葉	芹羽	瀬理葉	瀬理羽	瀬梨葉	瀬梨羽	瀬利葉
せれな	671	7	瀬麗菜	瀬麗奈	瀬麗那	瀬麗名	瀬礼菜	瀬礼奈	瀬礼那
せれん	1249	8	瀬憐	瀬恋	瀬蓮	瀬廉	世憐	世恋	世蓮	世廉
せんり	1178	1	千里
そあ	1061	8	素亜	素阿	素愛	素安	相亜	相阿	相愛	相安
そうか	343	10	操香	操花	操佳	操加	操可	操賀	操嘉	操果	操夏	操歌
そうこ	1119	9	操子	奏子	聡子	爽子	荘子	創子	総子	惣子	蒼子
そのえ	883	10	園恵	園枝	園江	園絵	園依	園衣	園英	園栄	園映	園愛
そのか	566	10	園香	園花	園佳	園加	園可	園賀	園嘉	園果	園夏	園歌
そのこ	1173	5	園子	苑子	薗子	素乃子	相乃子
そのみ	926	10	園美	園実	園見	園海	園魅	園観	園未	苑美	苑実	苑見
そのよ	1188	9	園代	園世	園夜	苑代	苑世	苑夜	薗代	薗世	薗夜
そら	680	10	空	宙	穹	宇宙	素良	素羅	素来	相良	相羅	相来
たえ	954	10	多恵	多枝	多江	多絵	多依	多衣	多英	多栄	多映	多愛
たえこ	1100	6	妙子	紗子	多恵子	多枝子	多江子	多絵子
たか	1169	10	多香	多花	多佳	多加	多可	多賀	多嘉	多果	多夏	多歌
たかえ	20	10	貴恵	貴枝	貴江	貴絵	貴依	貴衣	貴英	貴栄	貴映	貴愛
たかこ	154	10	貴子	孝子	恭子	敬子	隆子	尊子	高子	崇子	嵩子	峻子
たかな	268	10	貴菜	貴奈	貴那	貴名	孝菜	孝奈	孝那	孝名	恭菜	恭奈
たかね	468	10	貴音	貴嶺	貴寧	孝音	孝嶺	孝寧	恭音	恭嶺	恭寧	敬音
たかの	329	10	貴乃	貴野	孝乃	孝野	恭乃	恭野	敬乃	敬野	隆乃	隆野
たかみ	103	10	貴美	貴実	貴見	貴海	貴魅	貴観	貴未	孝美	孝実	孝見
たかよ	391	10	貴代	貴世	貴夜	孝代	孝世	孝夜	恭代	恭世	恭夜	敬代
たきえ	654	10	滝恵	滝枝	滝江	滝絵	滝依	滝衣	滝英	滝栄	滝映	滝愛
たきこ	992	7	滝子	瀧子	多樹子	多紀子	多希子	多貴子	多規子
たくみ	625	10	巧美	巧実	巧見	巧海	巧魅	巧観	巧未	琢美	琢実	琢見
たけみ	1255	7	健美	健実	健見	健海	健魅	健観	健未
ただえ	259	10	忠恵	忠枝	忠江	忠絵	忠依	忠衣	忠英	忠栄	忠映	忠愛
ただこ	708	10	忠子	唯子	只子	惟子	維子	伊子	允子	格子	紀子	規子
ただみ	410	10	忠美	忠実	忠見	忠海	忠魅	忠観	忠未	唯美	唯実	唯見
ただよ	721	10	忠代	忠世	忠夜	唯代	唯世	唯夜	只代	只世	只夜	惟代
たつえ	960	10	達恵	達枝	達江	達絵	達依	達衣	達英	達栄	達映	達愛
たつき	432	10	達紀	達希	達季	達記	達貴	達樹	達木	達輝	達生	達喜
たつこ	1305	6	達子	辰子	竜子	龍子	多津子	多都子
たつみ	823	10	達美	達実	達見	達海	達魅	達観	達未	辰美	辰実	辰見
たつよ	1258	10	達代	達世	達夜	辰代	辰世	辰夜	竜代	竜世	竜夜	龍代
たま	1281	7	多真	多麻	多満	多摩	多磨	多舞	多眞
たまえ	487	10	玉恵	玉枝	玉江	玉絵	玉依	玉衣	玉英	玉栄	玉映	玉愛
たまお	655	10	玉央	玉生	玉緒	玉音	珠央	珠生	珠緒	珠音	玲央	玲生
たまき	49	10	環	玉紀	玉希	玉季	玉記	玉貴	玉樹	玉木	玉輝	玉生
たまこ	1076	8	玉子	珠子	玲子	瑞子	環子	多真子	多麻子	多眞子
たまね	861	10	玉音	玉嶺	玉寧	珠音	珠嶺	珠寧	玲音	玲嶺	玲寧	瑞音
たまの	1135	10	玉乃	玉野	珠乃	珠野	玲乃	玲野	瑞乃	瑞野	環乃	環野
たまみ	560	10	玉美	玉実	玉見	玉海	玉魅	玉観	玉未	珠美	珠実	珠見
たまよ	1027	10	玉代	玉世	玉夜	珠代	珠世	珠夜	玲代	玲世	玲夜	瑞代
たみ	1301	7	多美	多実	多見	多海	多魅	多観	多未
たみえ	1025	10	民恵	民枝	民江	民絵	民依	民衣	民英	民栄	民映	民愛
たみこ	1319	3	民子	多美子	多実子
たみよ	1286	7	民代	民世	民夜	多美代	多美世	多美夜	多実代
ちあ	903	10	千亜	千阿	千愛	千安	知亜	知阿	知愛	知安	智亜	智阿
ちあき	131	10	千秋	千明	千晶	千瑛	千陽	千旭	千映	千暁	知秋	知明
ちあさ	689	10	千朝	千麻	千浅	知朝	知麻	知浅	智朝	智麻	智浅	茅朝
ちえ	504	10	千恵	千枝	千江	千絵	千依	千衣	千英	千栄	千映	千愛
ちえこ	719	7	千恵子	千枝子	千江子	千絵子	知恵子	知枝子	知江子
ちえみ	534	7	千恵美	千恵実	千恵見	千恵海	千恵魅	千恵観	千恵未
ちえり	603	7	千恵理	千恵梨	千恵利	千恵里	千恵莉	千枝理	千枝梨
ちか	374	10	千香	千花	千佳	千加	千可	千賀	千嘉	千果	千夏	千歌
ちかえ	78	10	親恵	親枝	親江	親絵	親依	親衣	親英	親栄	親映	親愛
ちかげ	1080	4	千景	知景	智景	茅景
ちかこ	178	10	親子	近子	周子	睦子	愛子	允子	央子	懐子	謹子	哉子
ちかな	407	10	親菜	親奈	親那	親名	近菜	近奈	近那	近名	周菜	周奈
ちかみ	231	10	親美	親実	親見	親海	親魅	親観	親未	近美	近実	近見
ちかよ	587	10	親代	親世	親夜	近代	近世	近夜	周代	周世	周夜	睦代
ちき	819	10	千紀	千希	千季	千記	千貴	千樹	千木	千輝	千生	千喜
ちぐさ	1044	4	千草	知草	智草	茅草
ちさ	678	10	千沙	千佐	千砂	千咲	千紗	知沙	知佐	知砂	知咲	知紗
ちさえ	340	9	千冴	千彩	知冴	知彩	智冴	智彩	茅冴	茅彩	千沙恵
ちさき	190	8	千咲	知咲	智咲	茅咲	千沙紀	千沙希	千沙季	千沙記
ちさこ	762	7	千沙子	千佐子	千砂子	千咲子	千紗子	千小子	知沙子
ちさと	214	10	千里	千郷	千聡	千聖	千智	千覚	千慧	知里	知郷	知聡
ちさよ	824	7	千沙代	千沙世	千沙夜	千佐代	千佐世	千佐夜	千砂代
ちず	1074	10	千須	千寿	千津	知須	知寿	知津	智須	智寿	智津	茅須
ちせ	948	8	千瀬	千世	知瀬	知世	智瀬	智世	茅瀬	茅世
ちづこ	1315	4	千津子	知津子	智津子	茅津子
ちづる	637	9	千鶴	千弦	知鶴	知弦	智鶴	智弦	茅鶴	茅弦	千津流
ちとせ	1040	3	千歳	千年	千登勢
ちどり	1284	4	千鳥	知鳥	智鳥	茅鳥
ちな	933	10	千菜	千奈	千那	千名	知菜	知奈	知那	知名	智菜	智奈
ちなつ	743	8	千夏	知夏	智夏	茅夏	千菜津	千菜都	千奈津	千奈都
ちなみ	590	8	千波	知波	智波	茅波	千菜美	千菜実	千菜見	千菜海
ちは	1273	8	千葉	千羽	知葉	知羽	智葉	智羽	茅葉	茅羽
ちはや	493	8	千早	知早	智早	茅早	千葉矢	千葉弥	千葉耶	千羽矢
ちはる	378	10	千春	千晴	千治	千遥	千悠	千陽	千映	知春	知晴	知治
ちひろ	615	8	千寛	千尋	知寛	知尋	智寛	智尋	茅寛	茅尋
ちほ	894	10	千穂	千保	千歩	千帆	千畝	知穂	知保	知歩	知帆	知畝
ちほこ	1193	7	千穂子	千保子	千歩子	知穂子	知保子	知歩子	智穂子
ちほみ	765	7	千穂美	千穂実	千穂見	千穂海	千穂魅	千穂観	千穂未
ちや	1310	10	千矢	千弥	千耶	知矢	知弥	知耶	智矢	智弥	智耶	茅矢
ちやこ	1195	7	千也子	千矢子	千弥子	千耶子	知也子	知矢子	知弥子
ちゆ	911	10	千由	千優	千遊	千悠	千夕	千有	千祐	千結	千友	千由
ちゆき	342	9	千雪	千幸	知雪	知幸	智雪	智幸	茅雪	茅幸	千由紀
ちゆみ	669	8	千弓	知弓	智弓	茅弓	千由美	千由実	千由見	千由海
ちゆり	711	7	千百合	知百合	智百合	茅百合	千由理	千由梨	千由利
ちよ	1144	10	千代	千世	千夜	知代	知世	知夜	智代	智世	智夜	茅代
ちよえ	834	7	千代恵	千代枝	千代江	千代絵	千代依	千代衣	千代英
ちよこ	1141	7	千代子	千夜子	千世子	知代子	知夜子	知世子	智代子
ちよの	1230	7	千代乃	千代野	千夜乃	千夜野	千世乃	千世野	知代乃
ちよみ	1103	7	千代美	千代実	千代見	千代海	千代魅	千代観	千代未
ちより	988	7	千代理	千代梨	千代利	千代里	千代莉	千夜理	千夜梨
ちり	1198	10	千理	千梨	千利	千里	千莉	知理	知梨	知利	知里	知莉
ちりこ	1160	7	千理子	千梨子	千利子	千里子	知理子	知梨子	知利子
ちわ	1176	10	千和	千羽	千輪	千環	知和	知羽	知輪	知環	智和	智羽
つかさ	123	8	司	典	良	津香沙	津香佐	津香砂	津香咲	津香紗
つきえ	299	10	月恵	月枝	月江	月絵	月依	月衣	月英	月栄	月映	月愛
つきか	147	10	月香	月花	月佳	月加	月可	月賀	月嘉	月果	月夏	月歌
つきこ	690	7	月子	津樹子	津紀子	津希子	津貴子	津規子	津基子
つきな	298	8	月菜	月奈	月那	月名	津樹菜	津樹奈	津樹那	津樹名
つきの	524	7	月乃	月野	津樹乃	津樹野	津紀乃	津紀野	津希乃
つきは	562	7	月葉	月羽	津樹葉	津樹羽	津紀葉	津紀羽	津希葉
つきみ	402	9	月美	月実	月見	月海	月魅	月観	月未	津樹美	津樹実
つきよ	446	7	月代	月世	月夜	津樹代	津樹世	津樹夜	津紀代
つぐみ	1017	1	鶫
つつじ	1383	1	躑躅
つなえ	619	7	津菜恵	津菜枝	津菜江	津菜絵	津菜依	津菜衣	津菜英
つなみ	739	7	津波	都波	津菜美	津菜実	津菜見	津菜海	津菜魅
つなよ	1090	7	津菜代	津菜世	津菜夜	津奈代	津奈世	津奈夜	津那代
つねこ	1378	2	常子	恒子
つねみ	1201	10	常美	常実	常見	常海	常魅	常観	常未	恒美	恒実	恒見
つねよ	1360	6	常代	常世	常夜	恒代	恒世	恒夜
つばき	1307	1	椿
つばさ	1306	1	翼
つばめ	1362	1	燕
つぼみ	1323	1	蕾
つむぎ	634	3	紡	績	紬
つゆな	978	7	津由菜	津由奈	津由那	津由名	津有菜	津有奈	津有那
つるえ	812	10	鶴恵	鶴枝	鶴江	鶴絵	鶴依	鶴衣	鶴英	鶴栄	鶴映	鶴愛
つるお	1218	9	鶴央	鶴生	鶴緒	鶴音	鶴央	鶴生	鶴緒	鶴音	津流央
つるこ	1353	6	鶴子	鶴子	津流子	津留子	都流子	都留子
つるみ	1050	10	鶴美	鶴実	鶴見	鶴海	鶴魅	鶴観	鶴未	鶴美	鶴実	鶴見
つるよ	1302	8	鶴代	鶴世	鶴夜	鶴代	鶴世	鶴夜	津流代	津流世
てつこ	1316	4	哲子	徹子	天津子	天都子
てつみ	1007	10	哲美	哲実	哲見	哲海	哲魅	哲観	哲未	徹美	徹実	徹見
てつよ	1209	8	哲代	哲世	哲夜	徹代	徹世	徹夜	天津代	天津世
てるえ	279	10	照恵	照枝	照江	照絵	照依	照衣	照英	照栄	照映	照愛
てるこ	1069	9	照子	輝子	光子	映子	瑛子	央子	晃子	昭子	皓子
てるみ	454	10	照美	照実	照見	照海	照魅	照観	照未	輝美	輝実	輝見
てるよ	725	10	照代	照世	照夜	輝代	輝世	輝夜	光代	光世	光夜	映代
とうこ	160	10	冬子	東子	桐子	塔子	藤子	登子	統子	董子	透子	陶子
とき	414	10	登紀	登希	登季	登記	登貴	登樹	登木	登輝	登生	登喜
ときえ	52	10	時恵	時枝	時江	時絵	時依	時衣	時英	時栄	時映	時愛
ときこ	440	7	時子	刻子	鴇子	朱鷺子	登樹子	登紀子	登希子
ときの	356	8	時乃	時野	刻乃	刻野	鴇乃	鴇野	朱鷺乃	朱鷺野
ときは	507	8	時葉	時羽	刻葉	刻羽	鴇葉	鴇羽	朱鷺葉	朱鷺羽
ときよ	525	9	時代	時世	時夜	刻代	刻世	刻夜	鴇代	鴇世	鴇夜
ときわ	393	7	常	常葉	登樹和	登樹羽	登樹輪	登樹環	登紀和
とくえ	243	10	徳恵	徳枝	徳江	徳絵	徳依	徳衣	徳英	徳栄	徳映	徳愛
とくこ	1126	8	徳子	德子	得子	篤子	督子	悳子	登久子	登紅子
とくよ	1078	10	徳代	徳世	徳夜	德代	德世	德夜	得代	得世	得夜	篤代
としえ	113	10	俊恵	俊枝	俊江	俊絵	俊依	俊衣	俊英	俊栄	俊映	俊愛
としか	75	10	俊香	俊花	俊佳	俊加	俊可	俊賀	俊嘉	俊果	俊夏	俊歌
としこ	438	10	俊子	紀子	寿子	淑子	年子	敏子	稔子	利子	智子	逸子
としの	665	10	俊乃	俊野	紀乃	紀野	寿乃	寿野	淑乃	淑野	年乃	年野
としみ	109	10	俊美	俊実	俊見	俊海	俊魅	俊観	俊未	紀美	紀実	紀見
としよ	270	10	俊代	俊世	俊夜	紀代	紀世	紀夜	寿代	寿世	寿夜	淑代
となみ	640	8	登波	都波	渡波	杜波	登菜美	登菜実	登菜見	登菜海
とばり	1348	1	帳帷
とみえ	367	10	富恵	富枝	富江	富絵	富依	富衣	富英	富栄	富映	富愛
とみこ	1183	8	富子	冨子	登子	豊子	登美子	登実子	都美子	都実子
とも	1138	12	友	智	朋	知	共	伴	登萌	登茂	都萌	都茂	渡萌	渡茂
ともえ	61	10	巴	知恵	知枝	知江	知絵	知依	知衣	知英	知栄	知映
ともか	46	10	知香	知花	知佳	知加	知可	知賀	知嘉	知果	知夏	知歌
ともこ	331	10	知子	友子	朋子	智子	朝子	伴子	供子	共子	侶子	委子
ともの	582	10	知乃	知野	友乃	友野	朋乃	朋野	智乃	智野	朝乃	朝野
ともみ	85	10	知美	知実	知見	知海	知魅	知観	知未	友美	友実	友見
ともよ	301	10	知代	知世	知夜	友代	友世	友夜	朋代	朋世	朋夜	智代
とよえ	531	10	豊恵	豊枝	豊江	豊絵	豊依	豊衣	豊英	豊栄	豊映	豊愛
とよこ	1155	7	豊子	登代子	登夜子	登世子	都代子	都夜子	都世子
とよの	1234	7	豊乃	豊野	登代乃	登代野	登夜乃	登夜野	登世乃
とよみ	646	9	豊美	豊実	豊見	豊海	豊魅	豊観	豊未	登代美	登代実
とわ	610	10	登和	登羽	登輪	登環	都和	都羽	都輪	都環	渡和	渡羽
とわこ	825	7	登和子	登羽子	登輪子	登環子	都和子	都羽子	都輪子
なえ	604	10	奈恵	奈枝	奈江	奈絵	奈依	奈衣	奈英	奈栄	奈映	奈愛
なえこ	1071	7	奈恵子	奈枝子	奈江子	奈絵子	菜恵子	菜枝子	菜江子
なえみ	556	7	奈恵美	奈恵実	奈恵見	奈恵海	奈恵魅	奈恵観	奈恵未
なお	375	10	奈央	奈生	奈緒	奈音	菜央	菜生	菜緒	菜音	那央	那生
なおえ	199	10	尚恵	尚枝	尚江	尚絵	尚依	尚衣	尚英	尚栄	尚映	尚愛
なおこ	492	7	尚子	直子	猶子	奈央子	奈緒子	奈生子	奈保子
なおみ	152	10	尚美	尚実	尚見	尚海	尚魅	尚観	尚未	直美	直実	直見
なぎ	900	9	凪	奈樹	奈木	菜樹	菜木	那樹	那木	名樹	名木
なぎさ	389	9	渚	汀	凪沙	凪佐	凪砂	凪咲	凪紗	奈樹沙	奈樹佐
なこ	1122	4	奈子	菜子	那子	名子
なごみ	815	7	和美	和実	和見	和海	和魅	和観	和未
なずみ	1044	10	奈澄	奈純	奈住	菜澄	菜純	菜住	那澄	那純	那住	名澄
なつ	1103	8	奈津	奈都	菜津	菜都	那津	那都	名津	名都
なつえ	597	10	夏恵	夏枝	夏江	夏絵	夏依	夏衣	夏英	夏栄	夏映	夏愛
なつお	898	8	夏央	夏生	夏緒	夏音	奈津央	奈津生	奈津緒	奈津音
なつき	53	10	夏紀	夏希	夏季	夏記	夏貴	夏樹	夏木	夏輝	夏生	夏喜
なつこ	842	7	夏子	奈津子	奈都子	菜津子	菜都子	那津子	那都子
なつね	1026	7	奈津音	奈津嶺	奈津寧	奈都音	奈都嶺	奈都寧	菜津音
なつの	1008	7	夏乃	夏野	奈津乃	奈津野	奈都乃	奈都野	菜津乃
なつは	715	7	夏葉	夏羽	奈津葉	奈津羽	奈都葉	奈都羽	菜津葉
なつみ	306	9	夏美	夏実	夏見	夏海	夏魅	夏観	夏未	奈津美	奈津実
なつよ	970	7	夏代	夏世	夏夜	奈津代	奈津世	奈津夜	奈都代
なでしこ	1333	1	撫子
なな	572	10	奈菜	奈々	奈那	奈名	菜々	菜奈	菜那	菜名	那菜	那奈
ななえ	307	10	七恵	七枝	七江	七絵	七依	七衣	七英	七栄	七映	七愛
ななお	621	8	七央	七生	七緒	七音	奈菜央	奈菜生	奈菜緒	奈菜音
ななか	471	10	七香	七花	七佳	七加	七可	七賀	七嘉	七果	七夏	七歌
ななこ	854	7	七子	奈菜子	奈々子	奈那子	奈名子	菜々子	菜奈子
ななせ	709	7	七瀬	七世	奈菜瀬	奈菜世	奈々瀬	奈々世	奈那瀬
ななの	1156	7	七乃	七野	奈菜乃	奈菜野	奈々乃	奈々野	奈那乃
ななは	1001	7	七葉	七羽	奈菜葉	奈菜羽	奈々葉	奈々羽	奈那葉
ななほ	798	8	七穂	七保	七歩	七帆	七畝	奈菜穂	奈菜保	奈菜歩
ななみ	352	10	七美	七実	七見	七海	七魅	七観	七未	奈波	菜波	那波
ななよ	1064	7	七代	七世	七夜	奈菜代	奈菜世	奈菜夜	奈々代
なほ	845	10	奈穂	奈保	奈歩	奈帆	奈畝	菜穂	菜保	菜歩	菜帆	菜畝
なほこ	1077	7	奈穂子	奈保子	奈歩子	菜穂子	菜保子	菜歩子	那穂子
なほみ	872	7	奈穂美	奈穂実	奈穂見	奈穂海	奈穂魅	奈穂観	奈穂未
なみ	558	10	奈美	奈実	奈見	奈海	奈魅	奈観	奈未	菜美	菜実	菜見
なみえ	779	7	奈美恵	奈美枝	奈美江	奈美絵	奈美依	奈美衣	奈美英
なみこ	1191	7	奈美子	奈実子	菜美子	菜実子	那美子	那実子	名美子
なみよ	1094	7	奈美代	奈美世	奈美夜	奈実代	奈実世	奈実夜	菜美代
なゆ	683	10	奈由	奈優	奈遊	奈悠	奈夕	奈有	奈祐	奈結	奈友	奈由
なゆき	1145	8	奈雪	奈幸	菜雪	菜幸	那雪	那幸	名雪	名幸
なゆみ	626	8	奈弓	菜弓	那弓	名弓	奈由美	奈由実	奈由見	奈由海
なよこ	1227	7	奈代子	奈夜子	奈世子	菜代子	菜夜子	菜世子	那代子
なりえ	770	10	成恵	成枝	成江	成絵	成依	成衣	成英	成栄	成映	成愛
なりこ	1059	7	成子	奈理子	奈梨子	奈利子	奈里子	菜理子	菜梨子
なりみ	682	9	成美	成実	成見	成海	成魅	成観	成未	奈理美	奈理実
なる	1034	10	奈流	奈留	奈瑠	菜流	菜留	菜瑠	那流	那留	那瑠	名流
なるえ	886	10	成恵	成枝	成江	成絵	成依	成衣	成英	成栄	成映	成愛
なるこ	1292	7	成子	奈流子	奈留子	菜流子	菜留子	那流子	那留子
なるみ	677	9	成美	成実	成見	成海	成魅	成観	成未	奈流美	奈流実
にいこ	1255	4	仁衣子	仁依子	二衣子	二依子
にいな	195	7	仁衣菜	仁衣奈	仁衣那	仁衣名	仁依菜	仁依奈	仁依那
にいや	1202	7	仁衣矢	仁衣弥	仁衣耶	仁依矢	仁依弥	仁依耶	二衣矢
にこ	754	2	仁子	二子
にじえ	995	10	虹恵	虹枝	虹江	虹絵	虹依	虹衣	虹英	虹栄	虹映	虹愛
にしき	1359	1	錦
にじこ	1361	1	虹子
にな	742	8	仁菜	仁奈	仁那	仁名	二菜	二奈	二那	二名
にや	1293	6	仁矢	仁弥	仁耶	二矢	二弥	二耶
ねあ	1266	8	音亜	音阿	音愛	音安	寧亜	寧阿	寧愛	寧安
ねい	1063	10	音衣	音依	音維	音伊	音以	音唯	寧衣	寧依	寧維	寧伊
ねいあ	975	8	寧亜	寧阿	寧愛	寧安	音衣亜	音衣阿	音衣愛	音衣安
ねいこ	1074	5	寧子	音衣子	音依子	寧衣子	寧依子
ねいな	964	8	寧菜	寧奈	寧那	寧名	音衣菜	音衣奈	音衣那	音衣名
ねいみ	802	9	寧美	寧実	寧見	寧海	寧魅	寧観	寧未	音衣美	音衣実
ねいむ	1303	5	寧夢	音衣夢	音依夢	寧衣夢	寧依夢
ねお	1197	7	音央	音生	音緒	寧央	寧生	寧緒	寧音
ねな	1244	8	音菜	音奈	音那	音名	寧菜	寧奈	寧那	寧名
ねね	937	6	音々	音嶺	音寧	寧音	寧嶺	寧々
ねねこ	1346	2	音々子	寧音子
ねみ	1200	10	音美	音実	音見	音海	音魅	音観	音未	寧美	寧実	寧見
ねみこ	1324	4	音美子	音実子	寧美子	寧実子
ねむ	1349	2	音夢	寧夢
のあ	498	10	乃亜	乃阿	乃愛	乃安	之亜	之阿	之愛	之安	野亜	野阿
のぞみ	447	10	希	望	希望	希美	希実	希見	希海	希魅	希観	希未
のどか	79	10	和	温	和香	和花	和佳	和加	和可	和賀	和嘉	和果
のなみ	506	8	乃波	之波	野波	能波	乃菜美	乃菜実	乃菜見	乃菜海
のぶえ	221	10	信恵	信枝	信江	信絵	信依	信衣	信英	信栄	信映	信愛
のぶこ	632	10	信子	伸子	宣子	展子	延子	允子	暢子	敦子	亘子	頌子
のぶよ	234	10	信代	信世	信夜	伸代	伸世	伸夜	宣代	宣世	宣夜	展代
のり	993	10	乃理	乃梨	乃利	乃里	乃莉	之理	之梨	之利	之里	之莉
のりえ	58	10	紀恵	紀枝	紀江	紀絵	紀依	紀衣	紀英	紀栄	紀映	紀愛
のりか	80	10	紀香	紀花	紀佳	紀加	紀可	紀賀	紀嘉	紀果	紀夏	紀歌
のりこ	318	10	紀子	徳子	則子	範子	憲子	典子	法子	規子	準子	応子
のりよ	213	10	紀代	紀世	紀夜	徳代	徳世	徳夜	則代	則世	則夜	範代
はかな	426	6	儚葉香菜	葉香奈	葉香那	葉香名	葉花菜	葉花奈
はつえ	695	10	初恵	初枝	初江	初絵	初依	初衣	初英	初栄	初映	初愛
はづき	415	7	葉月	羽月	波月	葉津紀	葉津希	葉津季	葉津記
はつこ	1212	7	初子	葉津子	葉都子	羽津子	羽都子	波津子	波都子
はつね	845	7	初音	初嶺	初寧	葉津音	葉津嶺	葉津寧	葉都音
はつの	1079	7	初乃	初野	葉津乃	葉津野	葉都乃	葉都野	羽津乃
はつみ	781	9	初美	初実	初見	初海	初魅	初観	初未	葉津美	葉津実
はつよ	1071	7	初代	初世	初夜	葉津代	葉津世	葉津夜	葉都代
はな	417	11	花	華	英	芳	葉菜	葉奈	葉那	葉名	羽菜	羽奈	羽那
はなえ	169	10	花恵	花枝	花江	花絵	花依	花衣	花英	花栄	花映	花愛
はなお	517	10	花央	花生	花緒	花音	華央	華生	華緒	華音	英央	英生
はなか	135	10	花香	花佳	花加	花可	花賀	花嘉	花果	花夏	花歌	花華
はなこ	835	8	花子	華子	英子	芳子	葉菜子	葉奈子	葉那子	葉名子
はなの	659	9	花乃	花野	華乃	華野	英乃	英野	芳乃	芳野	葉菜乃
はなみ	366	10	花美	花実	花見	花海	花魅	花観	花未	華美	華実	華見
はなよ	758	10	花代	花世	花夜	華代	華世	華夜	英代	英世	英夜	芳代
はのん	1082	3	葉音	羽音	波音
はまえ	1189	10	浜恵	浜枝	浜江	浜絵	浜依	浜衣	浜英	浜栄	浜映	浜愛
はまこ	1386	2	浜子	波間子
はまな	1324	8	浜菜	浜奈	浜那	浜名	波間菜	波間奈	波間那	波間名
はまみ	1277	9	浜美	浜実	浜見	浜海	浜魅	浜観	浜未	波間美	波間実
はる	662	10	春	晴	陽	葉流	葉留	葉瑠	羽流	羽留	羽瑠	波流
はるえ	206	10	春恵	春枝	春江	春絵	春依	春衣	春英	春栄	春映	春愛
はるか	19	10	遥	遼	悠	春香	春花	春佳	春加	春可	春賀	春嘉
はるこ	840	9	春子	晴子	治子	遥子	悠子	陽子	映子	榛子	東子
はるな	315	10	春菜	春奈	春那	春名	晴菜	晴奈	晴那	晴名	治菜	治奈
はるの	450	10	春乃	春野	晴乃	晴野	治乃	治野	遥乃	遥野	悠乃	悠野
はるひ	509	10	春日	春陽	春妃	春緋	晴日	晴陽	晴妃	晴緋	治日	治陽
はるみ	308	10	春美	春実	春見	春海	春魅	春観	春未	晴美	晴実	晴見
はるよ	828	10	春代	春世	春夜	晴代	晴世	晴夜	治代	治世	治夜	遥代
ひかり	67	10	光	輝	洸	光理	光梨	光利	光里	光莉	輝理	輝梨
ひかる	288	10	光	輝	洸	光流	光留	光瑠	輝流	輝留	輝瑠	洸流
ひさえ	170	10	尚恵	尚枝	尚江	尚絵	尚依	尚衣	尚英	尚栄	尚映	尚愛
ひさこ	702	8	尚子	久子	寿子	恒子	弥子	永子	比沙子	比佐子
ひさね	529	10	尚音	尚嶺	尚寧	久音	久嶺	久寧	寿音	寿嶺	寿寧	恒音
ひさの	588	10	尚乃	尚野	久乃	久野	寿乃	寿野	恒乃	恒野	弥乃	弥野
ひさみ	197	10	尚美	尚実	尚見	尚海	尚魅	尚観	尚未	久美	久実	久見
ひさよ	575	10	尚代	尚世	尚夜	久代	久世	久夜	寿代	寿世	寿夜	恒代
ひじり	511	7	聖	日知	比二理	比二梨	比二利	比二里	比二莉
ひすい	1190	1	翡翠
ひづる	811	8	比鶴	比弦	緋鶴	緋弦	妃鶴	妃弦	比津流	比津留
ひでこ	1309	3	秀子	英子	偉子
ひでみ	950	10	秀美	秀実	秀見	秀海	秀魅	秀観	秀未	英美	英実	英見
ひでよ	1297	9	秀代	秀世	秀夜	英代	英世	英夜	偉代	偉世	偉夜
ひとえ	355	10	仁恵	仁枝	仁江	仁絵	仁依	仁衣	仁英	仁栄	仁映	仁愛
ひとこ	1102	8	仁子	人子	斉子	等子	比登子	比都子	比渡子	比東子
ひとは	817	9	一葉	仁葉	仁羽	人葉	人羽	斉葉	斉羽	等葉	等羽
ひとみ	211	10	瞳	眸	仁美	仁実	仁見	仁海	仁魅	仁観	仁未	人美
ひとよ	955	10	仁代	仁世	仁夜	人代	人世	人夜	斉代	斉世	斉夜	等代
ひな	701	10	比菜	比奈	比那	比名	緋菜	緋奈	緋那	緋名	妃菜	妃奈
ひなえ	511	10	雛恵	雛枝	雛江	雛絵	雛依	雛衣	雛英	雛栄	雛映	雛愛
ひなお	843	8	雛央	雛生	雛緒	雛音	比菜央	比菜生	比菜緒	比菜音
ひなき	466	10	雛紀	雛希	雛季	雛記	雛貴	雛樹	雛木	雛輝	雛生	雛喜
ひなぎく	1334	1	雛菊
ひなげし	1385	1	雛罌粟
ひなこ	579	7	雛子	比菜子	比奈子	比那子	比名子	緋菜子	緋奈子
ひなた	862	1	日向
ひなの	622	7	雛乃	雛野	比菜乃	比菜野	比奈乃	比奈野	比那乃
ひなよ	938	7	雛代	雛世	雛夜	比菜代	比菜世	比菜夜	比奈代
ひばり	1290	1	雲雀
ひびき	922	10	響	響紀	響希	響季	響記	響貴	響樹	響木	響輝	響生
ひまわり	1340	1	向日葵
ひめ	1257	6	比芽	比愛	緋芽	緋愛	妃芽	妃愛
ひめか	501	10	姫香	姫花	姫佳	姫加	姫可	姫賀	姫嘉	姫果	姫夏	姫歌
ひめこ	1238	7	姫子	媛子	妃子	比芽子	比愛子	緋芽子	緋愛子
ひめの	1121	8	姫乃	姫野	媛乃	媛野	妃乃	妃野	比芽乃	比芽野
ひめみ	743	10	姫美	姫実	姫見	姫海	姫魅	姫観	姫未	媛美	媛実	媛見
ひめよ	1291	9	姫代	姫世	姫夜	媛代	媛世	媛夜	妃代	妃世	妃夜
ひより	361	7	日和	比代理	比代梨	比代利	比代里	比代莉	比夜理
ひろえ	387	10	博恵	博枝	博江	博絵	博依	博衣	博英	博栄	博映	博愛
ひろこ	521	10	博子	宏子	浩子	寛子	洋子	裕子	弘子	広子	啓子	尋子
ひろみ	321	10	博美	博実	博見	博海	博魅	博観	博未	宏美	宏実	宏見
ふさ	1011	10	富沙	富佐	富砂	富咲	富紗	冨沙	冨佐	冨砂	冨咲	冨紗
ふさえ	464	10	房恵	房枝	房江	房絵	房依	房衣	房英	房栄	房映	房愛
ふさこ	727	7	房子	富沙子	富佐子	富砂子	富咲子	富紗子	富小子
ふさね	776	7	房音	房嶺	房寧	富沙音	富沙嶺	富沙寧	富佐音
ふさの	940	7	房乃	房野	富沙乃	富沙野	富佐乃	富佐野	富砂乃
ふさみ	455	9	房美	房実	房見	房海	房魅	房観	房未	富沙美	富沙実
ふさよ	548	7	房代	房世	房夜	富沙代	富沙世	富沙夜	富佐代
ふじえ	535	10	藤恵	藤枝	藤江	藤絵	藤依	藤衣	藤英	藤栄	藤映	藤愛
ふじか	527	10	藤香	藤花	藤佳	藤加	藤可	藤賀	藤嘉	藤果	藤夏	藤歌
ふじこ	1085	7	藤子	富二子	富士子	富慈子	富路子	富滋子	冨二子
ふじみ	376	9	藤美	藤実	藤見	藤海	藤魅	藤観	藤未	富二美	富二実
ふじよ	970	7	藤代	藤世	藤夜	富二代	富二世	富二夜	富士代
ふたば	838	2	二葉	双葉
ふぶき	1331	1	吹雪
ふみ	551	11	史	文	郁	章	富美	富実	富見	富海	富魅	富観	富未
ふみえ	337	10	史恵	史枝	史江	史絵	史依	史衣	史英	史栄	史映	史愛
ふみか	95	10	史香	史花	史佳	史加	史可	史賀	史嘉	史果	史夏	史歌
ふみこ	914	8	史子	文子	鎮子	郁子	章子	富美子	富実子	冨美子
ふみな	750	10	史菜	史奈	史那	史名	文菜	文奈	文那	文名	鎮菜	鎮奈
ふみの	950	10	史乃	史野	文乃	文野	鎮乃	鎮野	郁乃	郁野	章乃	章野
ふみは	1048	10	史葉	史羽	文葉	文羽	鎮葉	鎮羽	郁葉	郁羽	章葉	章羽
ふみや	1242	10	史矢	史弥	史耶	文矢	文弥	文耶	鎮矢	鎮弥	鎮耶	郁矢
ふみよ	705	10	史代	史世	史夜	文代	文世	文夜	鎮代	鎮世	鎮夜	郁代
ふゆ	713	10	富由	富優	富遊	富悠	富夕	富有	富祐	富結	富友	富由
ふゆえ	264	10	冬恵	冬枝	冬江	冬絵	冬依	冬衣	冬英	冬栄	冬映	冬愛
ふゆお	472	8	冬央	冬生	冬緒	冬音	富由央	富由生	富由緒	富由音
ふゆか	1031	10	冬香	冬花	冬佳	冬加	冬可	冬賀	冬嘉	冬果	冬夏	冬歌
ふゆき	186	10	冬紀	冬希	冬季	冬記	冬貴	冬樹	冬木	冬輝	冬生	冬喜
ふゆこ	1006	7	冬子	富由子	富有子	富悠子	富祐子	富裕子	富夢子
ふゆの	878	7	冬乃	冬野	富由乃	富由野	富有乃	富有野	富悠乃
ふゆみ	292	9	冬美	冬実	冬見	冬海	冬魅	冬観	冬未	富由美	富由実
ふゆよ	712	7	冬代	冬世	冬夜	富由代	富由世	富由夜	富有代
ふよう	1374	1	芙蓉
べに	1370	1	紅
べにえ	1271	10	紅恵	紅枝	紅江	紅絵	紅依	紅衣	紅英	紅栄	紅映	紅愛
べにお	1332	4	紅央	紅生	紅緒	紅音
べにこ	1364	1	紅子
べにの	1375	2	紅乃	紅野
べによ	1380	3	紅代	紅世	紅夜
ほうこ	1212	6	法子	萌子	奉子	方子	蓬子	萠子
ほずみ	716	10	保澄	保純	保住	穂澄	穂純	穂住	歩澄	歩純	歩住	帆澄
ほたる	1205	1	蛍
ぼたん	1320	1	牡丹
ほつみ	1312	1	穂積
ほな	1008	10	保菜	保奈	保那	保名	穂菜	穂奈	穂那	穂名	歩菜	歩奈
ほなつ	697	7	保菜津	保菜都	保奈津	保奈都	保那津	保那都	保名津
ほなみ	237	8	保波	穂波	歩波	帆波	畝波	保菜美	保菜実	保菜見
ほのか	41	7	保乃香	保乃花	保乃佳	保乃加	保乃可	保乃賀	保乃嘉
ほまれ	1270	1	誉
まあ	788	10	真亜	真阿	真愛	真安	麻亜	麻阿	麻愛	麻安	眞亜	眞阿
まあこ	893	7	真亜子	真阿子	麻亜子	麻阿子	眞亜子	眞阿子	万亜子
まあさ	293	10	真朝	真麻	真浅	麻朝	麻浅	眞朝	眞麻	眞浅	万朝	万麻
まあや	172	10	真綾	真彩	真絢	真文	真礼	真斐	麻綾	麻彩	麻絢	麻文
まい	256	10	舞	真衣	真依	真維	真伊	真以	真唯	麻衣	麻依	麻維
まいか	84	10	舞香	舞花	舞佳	舞加	舞可	舞賀	舞嘉	舞果	舞夏	舞歌
まいこ	508	7	舞子	真衣子	真依子	麻衣子	麻依子	眞衣子	眞依子
まいと	1066	10	真糸	真絃	麻糸	麻絃	眞糸	眞絃	万糸	万絃	満糸	満絃
まいの	858	7	舞乃	舞野	真衣乃	真衣野	真依乃	真依野	麻衣乃
まいみ	448	9	舞美	舞実	舞見	舞海	舞魅	舞観	舞未	真衣美	真衣実
まお	369	10	真央	真生	真緒	真音	麻央	麻生	麻緒	麻音	眞央	眞生
まおこ	650	7	真央子	真緒子	真生子	真保子	真穂子	麻央子	麻緒子
まおみ	249	7	真央美	真央実	真央見	真央海	真央魅	真央観	真央未
まおん	955	10	真音	真苑	真園	真遠	麻音	麻苑	麻園	麻遠	眞音	眞苑
まき	130	10	真紀	真希	真季	真記	真貴	真樹	真木	真輝	真生	真喜
まきえ	36	10	牧恵	牧枝	牧江	牧絵	牧依	牧衣	牧英	牧栄	牧映	牧愛
まきこ	445	8	牧子	槙子	槇子	巻子	蒔子	真樹子	真紀子	真希子
まきな	386	10	牧菜	牧奈	牧那	牧名	槙菜	槙奈	槙那	槙名	槇菜	槇奈
まきの	316	10	牧乃	牧野	槙乃	槙野	槇乃	槇野	巻乃	巻野	蒔乃	蒔野
まきよ	281	10	牧代	牧世	牧夜	槙代	槙世	槙夜	槇代	槇世	槇夜	巻代
まきり	207	10	牧理	牧梨	牧利	牧里	牧莉	槙理	槙梨	槙利	槙里	槙莉
まこ	553	8	真子	麻子	眞子	万子	満子	茉子	摩子	磨子
まこと	515	10	真琴	真言	麻琴	麻言	眞琴	眞言	万琴	万言	満琴	満言
まさえ	9	10	政恵	政枝	政江	政絵	政依	政衣	政英	政栄	政映	政愛
まさき	5	10	政紀	政希	政季	政記	政貴	政樹	政木	政輝	政生	政喜
まさこ	257	10	政子	正子	昌子	雅子	真子	征子	誠子	晶子	将子	匡子
まさと	222	10	真里	真郷	真聡	真聖	真智	真覚	真慧	麻里	麻郷	麻聡
まさね	242	10	政音	政嶺	政寧	正音	正嶺	正寧	昌音	昌嶺	昌寧	雅音
まさみ	26	10	政美	政実	政見	政海	政魅	政観	政未	正美	正実	正見
まさよ	86	10	政代	政世	政夜	正代	正世	正夜	昌代	昌世	昌夜	雅代
ましお	1251	10	真潮	真汐	麻潮	麻汐	眞潮	眞汐	万潮	万汐	満潮	満汐
まじゅ	998	10	真樹	真寿	真珠	麻樹	麻寿	麻珠	眞樹	眞寿	眞珠	万樹
ましろ	800	8	真白	麻白	眞白	万白	満白	茉白	摩白	磨白
ますみ	941	10	真澄	真純	真住	麻澄	麻純	麻住	眞澄	眞純	眞住	万澄
まち	1126	10	真知	真智	真茅	麻知	麻智	麻茅	眞知	眞智	眞茅	万知
まちえ	204	10	町恵	町枝	町江	町絵	町依	町衣	町英	町栄	町映	町愛
まちお	791	9	町央	町生	町緒	町音	待央	待生	待緒	待音	真千央
まちこ	730	7	町子	待子	真千子	真知子	真智子	真茅子	麻千子
まちの	908	8	町乃	町野	待乃	待野	真千乃	真千野	真知乃	真知野
まちよ	592	8	町代	町世	町夜	待代	待世	待夜	真千代	真千世
まつえ	359	10	松恵	松枝	松江	松絵	松依	松衣	松英	松栄	松映	松愛
まつこ	1186	7	松子	茉子	待子	真津子	真都子	麻津子	麻都子
まつな	691	10	松菜	松奈	松那	松名	茉菜	茉奈	茉那	茉名	待菜	待奈
まつね	1044	9	松音	松嶺	松寧	茉音	茉嶺	茉寧	待音	待嶺	待寧
まつの	1142	8	松乃	松野	茉乃	茉野	待乃	待野	真津乃	真津野
まつら	965	9	松良	松羅	松来	茉良	茉羅	茉来	待良	待羅	待来
まつり	332	10	松理	松梨	松利	松里	松莉	茉理	茉梨	茉利	茉里	茉莉
まつる	713	10	松流	松留	松瑠	茉流	茉留	茉瑠	待流	待留	待瑠	真鶴
まとい	1343	1	纏
まどか	554	10	円	窓香	窓花	窓佳	窓加	窓可	窓賀	窓嘉	窓果	窓夏
まな	429	10	真菜	真奈	真那	真名	麻菜	麻奈	麻那	麻名	眞菜	眞奈
まなえ	216	10	愛恵	愛枝	愛江	愛絵	愛依	愛衣	愛英	愛栄	愛映	真恵
まなか	76	10	愛香	愛花	愛佳	愛加	愛可	愛賀	愛嘉	愛果	愛夏	愛歌
まなせ	674	9	愛瀬	愛世	真瀬	真世	眞瀬	眞世	学瀬	学世	真菜瀬
まなつ	573	10	愛津	愛都	真津	真都	眞津	眞都	学津	学都	真夏	麻夏
まなび	1020	8	愛日	真日	眞日	学日	真菜日	真奈日	真那日	真名日
まなみ	115	10	愛美	愛実	愛見	愛海	愛魅	愛観	愛未	真美	真実	真見
まの	1162	10	真乃	真野	麻乃	麻野	眞乃	眞野	万乃	万野	満乃	満野
まのん	1147	8	真音	麻音	眞音	万音	満音	茉音	摩音	磨音
まひる	699	7	真比流	真比留	真比瑠	真緋流	真緋留	真緋瑠	麻比流
まひろ	294	10	真寛	真尋	麻寛	麻尋	眞寛	眞尋	万寛	万尋	満寛	満尋
まぶき	1262	8	真吹	麻吹	眞吹	万吹	満吹	茉吹	摩吹	磨吹
まほ	632	10	真穂	真保	真歩	真帆	真畝	麻穂	麻保	麻歩	麻帆	麻畝
まほこ	848	7	真穂子	真保子	真歩子	麻穂子	麻保子	麻歩子	眞穂子
まほろ	585	9	真幌	麻幌	眞幌	万幌	満幌	茉幌	摩幌	磨幌	真穂呂
まみ	644	10	真美	真実	真見	真海	真魅	真観	真未	麻美	麻実	麻見
まみこ	879	7	真美子	真実子	麻美子	麻実子	眞美子	眞実子	万美子
まや	300	10	真矢	真弥	真耶	麻矢	麻弥	麻耶	眞矢	眞弥	眞耶	万矢
まやこ	850	7	真也子	真矢子	真弥子	真耶子	麻也子	麻矢子	麻弥子
まゆ	94	10	真由	真優	真遊	真悠	真夕	真有	真祐	真結	真友	真由
まゆか	70	10	繭香	繭花	繭佳	繭加	繭可	繭賀	繭嘉	繭果	繭夏	繭歌
まゆこ	327	7	繭子	真由子	真有子	真悠子	真祐子	真裕子	真夢子
まゆの	503	7	繭乃	繭野	真由乃	真由野	真有乃	真有野	真悠乃
まゆみ	120	10	檀	繭美	繭実	繭見	繭海	繭魅	繭観	繭未	真弓	麻弓
まゆり	140	7	真百合	麻百合	眞百合	万百合	満百合	茉百合	摩百合
まよ	746	10	真代	真世	真夜	麻代	麻世	麻夜	眞代	眞世	眞夜	万代
まよい	1233	8	真宵	麻宵	眞宵	万宵	満宵	茉宵	摩宵	磨宵
まよこ	929	7	真代子	真夜子	真世子	麻代子	麻夜子	麻世子	眞代子
まり	363	10	真理	真梨	真利	真里	真莉	麻理	麻梨	麻利	麻里	麻莉
まりあ	173	7	真理亜	真理阿	真理愛	真理安	真梨亜	真梨阿	真梨愛
まりい	128	10	鞠衣	鞠依	鞠維	鞠伊	鞠以	鞠唯	丸衣	丸依	丸維	丸伊
まりえ	222	10	鞠恵	鞠枝	鞠江	鞠絵	鞠依	鞠衣	鞠英	鞠栄	鞠映	鞠愛
まりか	136	10	鞠香	鞠花	鞠佳	鞠加	鞠可	鞠賀	鞠嘉	鞠果	鞠夏	鞠歌
まりこ	371	7	鞠子	丸子	真理子	真梨子	真利子	真里子	麻理子
まりさ	359	10	鞠沙	鞠佐	鞠砂	鞠咲	鞠紗	丸沙	丸佐	丸砂	丸咲	丸紗
まりな	202	9	鞠菜	鞠奈	鞠那	鞠名	丸菜	丸奈	丸那	丸名	真理菜
まりの	599	8	鞠乃	鞠野	丸乃	丸野	真理乃	真理野	真梨乃	真梨野
まりや	460	8	鞠矢	鞠弥	鞠耶	丸矢	丸弥	丸耶	真理矢	真理弥
まりん	778	10	真凛	真輪	真鈴	真倫	麻凛	麻輪	麻鈴	麻倫	眞凛	眞輪
まるか	974	10	丸香	丸花	丸佳	丸加	丸可	丸賀	丸嘉	丸果	丸夏	丸歌
まるこ	1352	3	丸子	円子	圓子
まるな	1296	10	丸菜	丸奈	丸那	丸名	円菜	円奈	円那	円名	圓菜	圓奈
まるみ	1134	10	丸美	丸実	丸見	丸海	丸魅	丸観	丸未	円美	円実	円見
みあ	349	10	美亜	美阿	美愛	美安	実亜	実阿	実愛	実安	未亜	未阿
みあい	344	10	美愛	美藍	美相	実愛	実藍	実相	未愛	未藍	未相	見愛
みい	467	10	美衣	美依	美維	美伊	美以	美唯	実衣	実依	実維	実伊
みいあ	698	7	美衣亜	美衣阿	美衣愛	美衣安	美依亜	美依阿	美依愛
みいこ	930	7	美衣子	美依子	実衣子	実依子	未衣子	未依子	見衣子
みいな	442	7	美衣菜	美衣奈	美衣那	美衣名	美依菜	美依奈	美依那
みう	385	10	美羽	美宇	美卯	美有	実羽	実宇	実卯	実有	未羽	未宇
みえ	465	10	美恵	美枝	美江	美絵	美依	美衣	美英	美栄	美映	美愛
みえこ	728	7	美恵子	美枝子	美江子	美絵子	実恵子	実枝子	実江子
みお	150	10	澪	美央	美生	美緒	美音	実央	実生	実緒	実音	未央
みおこ	750	7	澪子	美央子	美緒子	美生子	美保子	美穂子	実央子
みおり	143	10	澪理	澪梨	澪利	澪里	澪莉	美織	美居	実織	実居	未織
みおん	584	10	美音	美苑	美園	美遠	実音	実苑	実園	実遠	未音	未苑
みか	193	10	美香	美花	美佳	美加	美可	美賀	美嘉	美果	美夏	美歌
みかえ	126	7	美香恵	美香枝	美香江	美香絵	美香依	美香衣	美香英
みかげ	1055	7	美景	実景	未景	見景	魅景	實景	深景
みかこ	412	7	美香子	美花子	美佳子	美加子	美可子	美賀子	美嘉子
みかな	224	7	美香菜	美香奈	美香那	美香名	美花菜	美花奈	美花那
みかよ	247	7	美香代	美香世	美香夜	美花代	美花世	美花夜	美佳代
みかれ	156	7	美香麗	美香零	美香礼	美香怜	美香鈴	美香玲	美香伶
みき	151	10	美紀	美希	美季	美記	美貴	美樹	美木	美輝	美生	美喜
みきえ	32	10	幹恵	幹枝	幹江	幹絵	幹依	幹衣	幹英	幹栄	幹映	幹愛
みきこ	324	7	幹子	樹子	美樹子	美紀子	美希子	美貴子	美規子
みきは	392	8	幹葉	幹羽	樹葉	樹羽	美樹葉	美樹羽	美紀葉	美紀羽
みきよ	269	8	幹代	幹世	幹夜	樹代	樹世	樹夜	美樹代	美樹世
みきり	364	10	幹理	幹梨	幹利	幹里	幹莉	樹理	樹梨	樹利	樹里	樹莉
みぎわ	1367	3	水際	汀	渚
みく	345	10	美久	美玖	美紅	美来	美來	実久	実玖	実紅	実来	実來
みくに	405	10	美邦	美国	美國	美郁	美訓	美州	美都	美郡	美呉	美洲
みくる	458	10	美来	美來	実来	実來	未来	未來	見来	見來	魅来	魅來
みこ	868	7	美子	実子	未子	見子	魅子	實子	深子
みこと	598	10	美琴	美言	実琴	実言	未琴	未言	見琴	見言	魅琴	魅言
みさ	509	10	美沙	美佐	美砂	美咲	美紗	実沙	実佐	実砂	実咲	実紗
みさえ	263	10	美冴	美彩	実冴	実彩	未冴	未彩	見冴	見彩	魅冴	魅彩
みさお	205	8	貞	節	操	美沙央	美沙生	美沙緒	美沙音	美佐央
みさき	10	10	美咲	実咲	未咲	見咲	魅咲	實咲	深咲	岬	崎	美沙紀
みさこ	617	7	美沙子	美佐子	美砂子	美咲子	美紗子	美小子	実沙子
みさと	187	10	美里	美郷	美聡	美聖	美智	美覚	美慧	実里	実郷	実聡
みさよ	436	7	美沙代	美沙世	美沙夜	美佐代	美佐世	美佐夜	美砂代
みしお	430	10	美潮	美汐	実潮	実汐	未潮	未汐	見潮	見汐	魅潮	魅汐
みしゃ	1123	10	美紗	美沙	実紗	実沙	未紗	未沙	見紗	見沙	魅紗	魅沙
みしろ	1240	7	美白	実白	未白	見白	魅白	實白	深白
みずえ	401	10	瑞恵	瑞枝	瑞江	瑞絵	瑞依	瑞衣	瑞英	瑞栄	瑞映	瑞愛
みずき	69	10	瑞紀	瑞希	瑞季	瑞記	瑞貴	瑞樹	瑞木	瑞輝	瑞生	瑞喜
みすず	865	7	美鈴	実鈴	未鈴	見鈴	魅鈴	實鈴	深鈴
みずの	977	8	瑞乃	瑞野	水乃	水野	泉乃	泉野	美須乃	美須野
みずは	771	8	瑞葉	瑞羽	水葉	水羽	泉葉	泉羽	美須葉	美須羽
みずほ	502	10	瑞穂	瑞保	瑞歩	瑞帆	瑞畝	水穂	水保	水歩	水帆	水畝
みすみ	516	10	美澄	美純	美住	実澄	実純	実住	未澄	未純	未住	見澄
みそぎ	1382	1	禊
みその	1116	10	美園	美苑	実園	実苑	未園	未苑	見園	見苑	魅園	魅苑
みち	990	10	美知	美智	美茅	実知	実智	実茅	未知	未智	未茅	見知
みちえ	226	10	道恵	道枝	道江	道絵	道依	道衣	道英	道栄	道映	道愛
みちこ	613	9	道子	路子	宙子	途子	通子	倫子	迪子	美千子	美知子
みちほ	583	7	美千穂	美千保	美千歩	美千帆	美千畝	美知穂	美知保
みちよ	519	10	道代	道世	道夜	路代	路世	路夜	宙代	宙世	宙夜	途代
みちる	281	7	未散	美千流	美千留	美千瑠	美知流	美知留	美知瑠
みつえ	334	10	光恵	光枝	光江	光絵	光依	光衣	光英	光栄	光映	光愛
みづえ	804	7	美津恵	美津枝	美津江	美津絵	美津依	美津衣	美津英
みづき	438	7	美月	実月	未月	見月	魅月	實月	深月
みづき	438	10	光紀	光希	光季	光記	光貴	光樹	光木	光輝	光生	光喜
みつこ	923	8	光子	充子	満子	貢子	允子	参子	美津子	美都子
みづの	1229	7	美津乃	美津野	実津乃	実津野	未津乃	未津野	見津乃
みづは	1159	7	美津葉	美津羽	実津葉	実津羽	未津葉	未津羽	見津葉
みづほ	1042	7	美津穂	美津保	美津歩	美津帆	美津畝	実津穂	実津保
みつよ	755	10	光代	光世	光夜	充代	充世	充夜	満代	満世	満夜	貢代
みづる	1175	10	美鶴	美弦	実鶴	実弦	未鶴	未弦	見鶴	見弦	魅鶴	魅弦
みどり	784	10	緑	翠	碧	美鳥	実鳥	未鳥	見鳥	魅鳥	實鳥	深鳥
みな	900	10	美菜	美奈	美那	美名	実菜	実奈	実那	実名	未菜	未奈
みなえ	320	10	水恵	水枝	水江	水絵	水依	水衣	水英	水栄	水映	水愛
みなぎ	1135	7	美凪	実凪	未凪	見凪	魅凪	實凪	深凪
みなこ	759	7	水子	南子	美菜子	美奈子	美那子	美名子	実菜子
みなせ	788	8	水瀬	水世	南瀬	南世	美菜瀬	美菜世	美奈瀬	美奈世
みなと	895	2	港	湊
みなほ	459	10	水穂	水保	水歩	水帆	水畝	南穂	南保	南歩	南帆	南畝
みなみ	124	10	南	水美	水実	水見	水海	水魅	水観	水未	南美	南実
みなよ	787	8	水代	水世	水夜	南代	南世	南夜	美菜代	美菜世
みなわ	624	9	水和	水羽	水輪	水環	南和	南羽	南輪	南環	美菜和
みね	1167	10	美音	美嶺	美寧	実音	実嶺	実寧	未音	未嶺	未寧	見音
みねこ	1244	8	峰子	嶺子	峯子	節子	美音子	実音子	未音子	見音子
みねじ	1389	4	峰路	嶺路	峯路	節路
みねよ	1133	10	峰代	峰世	峰夜	嶺代	嶺世	嶺夜	峯代	峯世	峯夜	節代
みのり	183	13	実	稔	季	秋	穂	豊	穣	實	穗	穰	美紀	美徳	美則
みのん	1253	7	美音	実音	未音	見音	魅音	實音	深音
みは	1215	10	美葉	美羽	実葉	実羽	未葉	未羽	見葉	見羽	魅葉	魅羽
みはと	1327	4	美鳩	美鴿実鳩	実鴿未鳩	未鴿見鳩
みはや	688	9	美早	実早	未早	見早	魅早	實早	深早	美葉矢	美葉弥
みはる	336	10	美春	美晴	美治	美遥	美悠	美陽	美映	実春	実晴	実治
みふゆ	1221	7	美冬	実冬	未冬	見冬	魅冬	實冬	深冬
みほ	691	10	美穂	美保	美歩	美帆	美畝	実穂	実保	実歩	実帆	実畝
みほこ	1129	7	美穂子	美保子	美歩子	実穂子	実保子	実歩子	未穂子
みほし	1232	7	美星	実星	未星	見星	魅星	實星	深星
みほな	887	7	美穂菜	美穂奈	美穂那	美穂名	美保菜	美保奈	美保那
みもり	1272	7	美森	実森	未森	見森	魅森	實森	深森
みや	791	10	美矢	美弥	美耶	実矢	実弥	実耶	未矢	未弥	未耶	見矢
みやこ	604	7	都	京	美也子	美矢子	美弥子	美耶子	実也子
みやの	962	7	美也乃	美也野	美矢乃	美矢野	美弥乃	美弥野	美耶乃
みやび	1170	1	雅
みゆ	188	10	美由	美優	美遊	美悠	美夕	美有	美祐	美結	美友	美由
みゆい	469	9	美唯	実唯	未唯	見唯	魅唯	實唯	深唯	美由衣	美由依
みゆう	338	10	美優	美遊	美悠	美夕	美有	美祐	美結	美友	美由	美佑
みゆき	42	10	幸	美雪	美幸	実雪	実幸	未雪	未幸	見雪	見幸	魅雪
みゆり	481	7	美百合	実百合	未百合	見百合	魅百合	實百合	深百合
みよ	1097	10	美代	美世	美夜	実代	実世	実夜	未代	未世	未夜	見代
みよこ	1151	7	美代子	美夜子	美世子	実代子	実夜子	実世子	未代子
みよし	1274	10	美好	美芳	実好	実芳	未好	未芳	見好	見芳	魅好	魅芳
みら	1081	10	美良	美羅	美来	実良	実羅	実来	未良	未羅	未来	見良
みらい	1279	1	未来
みらん	1248	7	美蘭	実蘭	未蘭	見蘭	魅蘭	實蘭	深蘭
みり	843	10	美理	美梨	美利	美里	美莉	実理	実梨	実利	実里	実莉
みりや	881	7	美理矢	美理弥	美理耶	美梨矢	美梨弥	美梨耶	美利矢
みる	1177	10	美流	美留	美瑠	実流	実留	実瑠	未流	未留	未瑠	見流
みるい	1276	6	美累	美涙	美泪実累	実涙	実泪未累	未涙
みれい	194	10	美麗	美零	美礼	美怜	美鈴	美玲	美伶	実麗	実零	実礼
みれか	762	7	美麗香	美麗花	美麗佳	美麗加	美麗可	美麗賀	美麗嘉
みれな	737	7	美麗菜	美麗奈	美麗那	美麗名	美礼菜	美礼奈	美礼那
みわ	748	10	美和	美羽	美輪	美環	実和	実羽	実輪	実環	未和	未羽
みわこ	875	7	美和子	美羽子	美輪子	美環子	実和子	実羽子	実輪子
むつき	370	7	睦月	夢月	六月	夢津紀	夢津希	夢津季	夢津記
むつこ	1228	5	睦子	夢津子	夢都子	六津子	六都子
むつみ	560	9	睦	睦美	睦実	睦見	睦海	睦魅	睦観	睦未	夢津美
むらさき	1251	1	紫
めあ	1113	10	愛亜	愛阿	愛安	芽亜	芽阿	芽愛	芽安	瞳亜	瞳阿	瞳愛
めい	137	10	明	愛衣	愛依	愛維	愛伊	愛以	愛唯	芽衣	芽依	芽維
めいか	251	10	明香	明花	明佳	明加	明可	明賀	明嘉	明果	明夏	明歌
めいこ	899	8	明子	盟子	鳴子	命子	愛衣子	愛依子	芽衣子	芽依子
めいの	1053	9	明乃	明野	盟乃	盟野	鳴乃	鳴野	命乃	命野	愛衣乃
めいむ	1224	8	明夢	盟夢	鳴夢	命夢	愛衣夢	愛依夢	芽衣夢	芽依夢
めいり	614	10	明理	明梨	明利	明里	明莉	盟理	盟梨	盟利	盟里	盟莉
めぐ	1092	8	恵	恩	愛久	愛紅	芽久	芽紅	瞳久	瞳紅
めぐみ	255	10	恵	恩	恵美	恵実	恵見	恵海	恵魅	恵観	恵未	恩美
めぐむ	1047	12	恵	惠	恩	萌	萠	愛	恵夢	恩夢	愛夢	芽夢	寵夢	惠夢
めぐる	608	11	輪	循	還	巡	廻	輪回	恵流	恵留	恵瑠	恩流	恩留
めばえ	1310	2	萌	芽生
めみ	909	10	萌	愛美	愛実	愛見	愛海	愛魅	愛観	愛未	芽美	芽実
もえ	546	10	萌	萌恵	萌枝	萌江	萌絵	萌依	萌衣	萌英	萌栄	萌映
もえか	158	10	萌香	萌花	萌佳	萌加	萌可	萌賀	萌嘉	萌果	萌夏	萌歌
もえこ	1055	7	萌子	萌恵子	萌枝子	萌江子	萌絵子	茂恵子	茂枝子
もえみ	552	9	萌美	萌実	萌見	萌海	萌魅	萌観	萌未	萌恵美	萌恵実
もか	395	10	萌香	萌花	萌佳	萌加	萌可	萌賀	萌嘉	萌果	萌夏	萌歌
もと	1237	9	萌登	萌都	萌渡	茂登	茂都	茂渡	望登	望都	望渡
もとえ	99	10	素恵	素枝	素江	素絵	素依	素衣	素英	素栄	素映	素愛
もとか	62	10	素香	素花	素佳	素加	素可	素賀	素嘉	素果	素夏	素歌
もとこ	513	10	素子	基子	元子	意子	雅子	楽子	幹子	求子	許子	源子
もとみ	98	10	素美	素実	素見	素海	素魅	素観	素未	基美	基実	基見
もとよ	486	10	素代	素世	素夜	基代	基世	基夜	元代	元世	元夜	意代
もな	809	10	萌菜	萌奈	萌那	萌名	茂菜	茂奈	茂那	茂名	望菜	望奈
もみじ	1108	2	紅葉	椛
もも	1181	7	桃	萌々	萌茂	茂萌	茂々	望萌	望茂
ももえ	731	10	桃恵	桃枝	桃江	桃絵	桃依	桃衣	桃英	桃栄	桃映	桃愛
ももか	397	10	桃香	桃花	桃佳	桃加	桃可	桃賀	桃嘉	桃果	桃夏	桃歌
ももこ	1234	2	桃子	百子
ももみ	1051	10	李光	桃美	桃実	桃見	桃海	桃魅	桃観	桃未	百美	百実
ももよ	1294	6	桃代	桃世	桃夜	百代	百世	百夜
もゆ	634	10	萌由	萌優	萌遊	萌悠	萌夕	萌有	萌祐	萌結	萌友	萌由
やいと	1204	6	矢糸	矢絃	弥糸	弥絃	耶糸	耶絃
やえ	641	10	矢恵	矢枝	矢江	矢絵	矢依	矢衣	矢英	矢栄	矢映	矢愛
やえか	541	7	八重香	八重花	八重佳	八重加	八重可	八重賀	八重嘉
やえこ	975	7	八重子	矢恵子	矢枝子	矢江子	矢絵子	弥恵子	弥枝子
やえの	967	7	八重乃	八重野	矢恵乃	矢恵野	矢枝乃	矢枝野	矢江乃
やえは	726	7	八重葉	八重羽	矢恵葉	矢恵羽	矢枝葉	矢枝羽	矢江葉
やしお	1339	6	矢潮	矢汐	弥潮	弥汐	耶潮	耶汐
やしろ	1186	3	矢白	弥白	耶白
やすえ	171	10	康恵	康枝	康江	康絵	康依	康衣	康英	康栄	康映	康愛
やすか	161	10	康香	康花	康佳	康加	康可	康賀	康嘉	康果	康夏	康歌
やすこ	325	10	康子	安子	泰子	保子	靖子	恭子	康子	裕子	慰子	育子
やすは	280	10	康葉	康羽	安葉	安羽	泰葉	泰羽	保葉	保羽	靖葉	靖羽
やすみ	118	10	康美	康実	康見	康海	康魅	康観	康未	安美	安実	安見
やすよ	212	10	康代	康世	康夜	安代	安世	安夜	泰代	泰世	泰夜	保代
やちよ	1018	7	矢千代	矢千世	矢千夜	矢知代	矢知世	矢知夜	矢智代
やづき	799	7	矢月	弥月	耶月	矢津紀	矢津希	矢津季	矢津記
やなぎ	1329	4	柳	青柳	八柳	柳木
やひろ	1014	8	矢寛	矢尋	弥寛	弥尋	耶寛	耶尋	矢比呂	矢比路
やまぶき	1388	1	山吹
やみ	918	10	矢美	矢実	矢見	矢海	矢魅	矢観	矢未	弥美	弥実	弥見
やよい	854	6	弥生	八生	三月	矢宵	弥宵	耶宵
ゆい	22	10	唯	由衣	由依	由維	由伊	由以	由唯	優衣	優依	優維
ゆいか	33	10	唯香	唯花	唯佳	唯加	唯可	唯賀	唯嘉	唯果	唯夏	唯歌
ゆいこ	451	7	唯子	結子	由衣子	由依子	優衣子	優依子	有衣子
ゆいな	87	9	唯菜	唯奈	唯那	唯名	結菜	結奈	結那	結名	由衣菜
ゆいの	490	8	唯乃	唯野	結乃	結野	由衣乃	由衣野	由依乃	由依野
ゆいり	254	10	唯理	唯梨	唯利	唯里	唯莉	結理	結梨	結利	結里	結莉
ゆう	185	13	優	遊	悠	夕	勇	祐	結	友	佑	裕	由羽	由宇	由卯
ゆうい	273	10	優衣	優依	優維	優伊	優以	優唯	裕衣	裕依	裕維	裕伊
ゆうか	27	10	優香	優花	優佳	優加	優可	優賀	優嘉	優果	優夏	優歌
ゆうき	11	10	優紀	優希	優季	優記	優貴	優樹	優木	優輝	優生	優喜
ゆうこ	253	10	優子	裕子	祐子	佑子	夕子	由子	悠子	結子	有子	遊子
ゆうな	43	10	優菜	優奈	優那	優名	裕菜	裕奈	裕那	裕名	祐菜	祐奈
ゆうの	489	10	優乃	優野	裕乃	裕野	祐乃	祐野	佑乃	佑野	夕乃	夕野
ゆうは	777	10	優葉	優羽	裕葉	裕羽	祐葉	祐羽	佑葉	佑羽	夕葉	夕羽
ゆうほ	179	10	優穂	優保	優歩	優帆	優畝	裕穂	裕保	裕歩	裕帆	裕畝
ゆうま	51	10	優真	優麻	優満	優摩	優磨	優舞	優眞	裕真	裕麻	裕満
ゆうみ	117	10	優美	優実	優見	優海	優魅	優観	優未	裕美	裕実	裕見
ゆうり	4	10	優理	優梨	優利	優里	優莉	裕理	裕梨	裕利	裕里	裕莉
ゆえ	176	10	由恵	由枝	由江	由絵	由依	由衣	由英	由栄	由映	由愛
ゆか	53	10	由香	由花	由佳	由加	由可	由賀	由嘉	由果	由夏	由歌
ゆかこ	311	7	由香子	由花子	由佳子	由加子	由可子	由賀子	由嘉子
ゆかな	224	7	由香菜	由香奈	由香那	由香名	由花菜	由花奈	由花那
ゆかり	13	10	縁	因	紫	由縁	由雁	優雁	有雁	夕雁	友雁	裕雁
ゆかりこ	1131	4	縁子	因子	紫子	由縁子
ゆき	46	10	由紀	由希	由季	由記	由貴	由樹	由木	由輝	由生	由喜
ゆきえ	3	10	雪恵	雪枝	雪江	雪絵	雪依	雪衣	雪英	雪栄	雪映	雪愛
ゆきか	144	10	雪香	雪花	雪佳	雪加	雪可	雪賀	雪嘉	雪果	雪夏	雪歌
ゆきこ	91	10	雪子	幸子	行子	維子	往子	起子	恭子	薫子	敬子	孝子
ゆきじ	600	10	雪路	幸路	行路	維路	往路	起路	恭路	薫路	敬路	孝路
ゆきな	7	10	雪菜	雪奈	雪那	雪名	幸菜	幸奈	幸那	幸名	行菜	行奈
ゆきね	90	10	雪音	雪嶺	雪寧	幸音	幸嶺	幸寧	行音	行嶺	行寧	維音
ゆきの	14	10	雪乃	雪野	幸乃	幸野	行乃	行野	維乃	維野	往乃	往野
ゆきは	162	10	雪葉	雪羽	幸葉	幸羽	行葉	行羽	維葉	維羽	往葉	往羽
ゆきほ	21	10	雪穂	雪保	雪歩	雪帆	雪畝	幸穂	幸保	幸歩	幸帆	幸畝
ゆきみ	24	10	雪美	雪実	雪見	雪海	雪魅	雪観	雪未	幸美	幸実	幸見
ゆきよ	114	10	雪代	雪世	雪夜	幸代	幸世	幸夜	行代	行世	行夜	維代
ゆずか	488	10	柚香	柚花	柚佳	柚加	柚可	柚賀	柚嘉	柚果	柚夏	柚歌
ゆずき	250	10	柚紀	柚希	柚季	柚記	柚貴	柚樹	柚木	柚輝	柚生	柚喜
ゆずこ	1294	1	柚子
ゆずな	783	4	柚菜	柚奈	柚那	柚名
ゆずの	1161	2	柚乃	柚野
ゆずは	612	2	柚葉	柚羽
ゆずほ	926	5	柚穂	柚保	柚歩	柚帆	柚畝
ゆたか	527	10	豊香	豊花	豊佳	豊加	豊可	豊賀	豊嘉	豊果	豊夏	豊歌
ゆづき	104	10	由月	優月	有月	夕月	友月	裕月	祐月	佑月	悠月	結月
ゆづる	477	10	由鶴	由弦	優鶴	優弦	有鶴	有弦	夕鶴	夕弦	友鶴	友弦
ゆな	198	10	由菜	由奈	由那	由名	優菜	優奈	優那	優名	有菜	有奈
ゆま	304	10	由真	由麻	由満	由摩	由磨	由舞	由眞	優真	優麻	優満
ゆみ	322	10	由美	由実	由見	由海	由魅	由観	由未	優美	優実	優見
ゆみえ	434	10	弓恵	弓枝	弓江	弓絵	弓依	弓衣	弓英	弓栄	弓映	弓愛
ゆみか	350	10	弓香	弓花	弓佳	弓加	弓可	弓賀	弓嘉	弓果	弓夏	弓歌
ゆみこ	588	7	弓子	由美子	由実子	優美子	優実子	有美子	有実子
ゆみな	537	8	弓菜	弓奈	弓那	弓名	由美菜	由美奈	由美那	由美名
ゆみね	876	7	弓音	弓嶺	弓寧	由美音	由美嶺	由美寧	由実音
ゆめ	278	10	夢	由芽	由愛	優芽	優愛	有芽	有愛	夕芽	夕愛	友芽
ゆめか	230	10	夢香	夢花	夢佳	夢加	夢可	夢賀	夢嘉	夢果	夢夏	夢歌
ゆめこ	914	7	夢子	由芽子	由愛子	優芽子	優愛子	有芽子	有愛子
ゆめじ	1381	1	夢路
ゆめの	780	7	夢乃	夢野	由芽乃	由芽野	由愛乃	由愛野	優芽乃
ゆめみ	667	9	夢美	夢実	夢見	夢海	夢魅	夢観	夢未	由芽美	由芽実
ゆめよ	1036	7	夢代	夢世	夢夜	由芽代	由芽世	由芽夜	由愛代
ゆら	354	10	由良	由羅	由来	優良	優羅	優来	有良	有羅	有来	夕良
ゆらん	1083	10	由蘭	優蘭	有蘭	夕蘭	友蘭	裕蘭	祐蘭	佑蘭	悠蘭	結蘭
ゆり	227	10	百合	由理	由梨	由利	由里	由莉	優理	優梨	優利	優里
ゆりえ	139	7	百合恵	百合枝	百合江	百合絵	百合依	百合衣	百合英
ゆりか	28	7	百合香	百合花	百合佳	百合加	百合可	百合賀	百合嘉
ゆりこ	409	7	百合子	由理子	由梨子	由利子	由里子	優理子	優梨子
ゆりな	159	7	百合菜	百合奈	百合那	百合名	由理菜	由理奈	由理那
ゆりね	606	7	百合音	百合嶺	百合寧	由理音	由理嶺	由理寧	由梨音
ようか	142	10	洋香	洋花	洋佳	洋加	洋可	洋賀	洋嘉	洋果	洋夏	洋歌
ようこ	271	10	洋子	陽子	容子	要子	庸子	葉子	蓉子	曜子	耀子	瑤子
よしえ	8	10	美恵	美枝	美江	美絵	美依	美衣	美英	美栄	美映	美愛
よしか	1	10	美香	美花	美佳	美加	美可	美賀	美嘉	美果	美夏	美歌
よしこ	141	10	美子	好子	良子	佳子	嘉子	喜子	淑子	祥子	善子	芳子
よしな	210	10	美菜	美奈	美那	美名	好菜	好奈	好那	好名	良菜	良奈
よしの	81	10	美乃	美野	好乃	好野	良乃	良野	佳乃	佳野	嘉乃	嘉野
よしみ	60	10	美実	美見	美海	美魅	美観	美未	好美	好実	好見	好海
よしよ	93	10	美代	美世	美夜	好代	好世	好夜	良代	良世	良夜	佳代
よね	1170	10	代音	代嶺	代寧	世音	世嶺	世寧	葉音	葉嶺	葉寧	夜音
よねこ	1264	6	米子	代音子	世音子	葉音子	夜音子	与音子
よみ	719	10	代美	代実	代見	代海	代魅	代観	代未	世美	世実	世見
よみこ	1037	7	詠子	読子	代美子	代実子	世美子	世実子	葉美子
よりこ	424	10	頼子	依子	順子	従子	寄子	偉子	為子	衣子	賢子	自子
らいか	420	10	来香	来花	来佳	来加	来可	来賀	来嘉	来果	来夏	来歌
らいな	1004	8	来菜	来奈	来那	来名	楽衣菜	楽衣奈	楽衣那	楽衣名
らいむ	1145	5	来夢	楽衣夢	楽依夢	羅衣夢	羅依夢
らいら	1001	7	来良	来羅	楽衣良	楽衣羅	楽衣来	楽依良	楽依羅
らさ	1183	10	楽沙	楽佐	楽砂	楽咲	楽紗	羅沙	羅佐	羅砂	羅咲	羅紗
らな	910	8	楽菜	楽奈	楽那	楽名	羅菜	羅奈	羅那	羅名
らむ	1236	2	楽夢	羅夢
らら	826	6	楽良	楽羅	楽来	羅良	羅々	羅来
らん	1199	1	蘭
らんこ	1321	1	蘭子
らんぜ	1314	1	蘭世
りあ	383	10	理亜	理阿	理愛	理安	梨亜	梨阿	梨愛	梨安	利亜	利阿
りあん	710	10	理杏	理安	梨杏	梨安	利杏	利安	里杏	里安	莉杏	莉安
りえ	346	10	理恵	理枝	理江	理絵	理依	理衣	理英	理栄	理映	理愛
りえこ	857	7	理恵子	理枝子	理江子	理絵子	梨恵子	梨枝子	梨江子
りお	203	10	理央	理生	理緒	理音	梨央	梨生	梨緒	梨音	利央	利生
りおこ	772	7	理央子	理緒子	理生子	理保子	理穂子	梨央子	梨緒子
りおな	191	7	理央菜	理央奈	理央那	理央名	理緒菜	理緒奈	理緒那
りおん	536	10	理音	理苑	理園	理遠	梨音	梨苑	梨園	梨遠	利音	利苑
りか	297	10	理香	理花	理佳	理加	理可	理賀	理嘉	理果	理夏	理歌
りかこ	518	7	理香子	理花子	理佳子	理加子	理可子	理賀子	理嘉子
りこ	530	5	理子	梨子	利子	里子	莉子
りさ	77	10	理沙	理佐	理砂	理咲	理紗	梨沙	梨佐	梨砂	梨咲	梨紗
りさえ	475	10	理冴	理彩	梨冴	梨彩	利冴	利彩	里冴	里彩	莉冴	莉彩
りさこ	636	7	理沙子	理佐子	理砂子	理咲子	理紗子	理小子	梨沙子
りせ	921	10	理瀬	理世	梨瀬	梨世	利瀬	利世	里瀬	里世	莉瀬	莉世
りつこ	906	7	律子	立子	理津子	理都子	梨津子	梨都子	利津子
りな	372	10	理菜	理奈	理那	理名	梨菜	梨奈	梨那	梨名	利菜	利奈
りなえ	538	8	理苗	梨苗	利苗	里苗	莉苗	理菜恵	理菜枝	理菜江
りなこ	750	7	理菜子	理奈子	理那子	理名子	梨菜子	梨奈子	梨那子
りの	626	10	理乃	理野	梨乃	梨野	利乃	利野	里乃	里野	莉乃	莉野
りのん	791	5	理音	梨音	利音	里音	莉音
りほ	602	10	理穂	理保	理歩	理帆	理畝	梨穂	梨保	梨歩	梨帆	梨畝
りほこ	902	7	理穂子	理保子	理歩子	梨穂子	梨保子	梨歩子	利穂子
りみ	748	10	理美	理実	理見	理海	理魅	理観	理未	梨美	梨実	梨見
りや	1166	10	理矢	理弥	理耶	梨矢	梨弥	梨耶	利矢	利弥	利耶	里矢
りやこ	1023	7	理也子	理矢子	理弥子	理耶子	梨也子	梨矢子	梨弥子
りゅうか	790	10	流香	流花	流佳	流加	流可	流賀	流嘉	流果	流夏	流歌
りゅうこ	1338	3	流子	柳子	龍子
りよ	962	10	理代	理世	理夜	梨代	梨世	梨夜	利代	利世	利夜	里代
りょう	1163	16	亮	涼	諒	遼	凉	綾	了	菱	椋	僚	凌	寮	瞭	稜	陵	鐐
りょうか	433	10	良香	良花	良佳	良加	良可	良賀	良嘉	良果	良夏	良歌
りょうこ	741	10	良子	亮子	涼子	諒子	遼子	凉子	綾子	亨子	菱子	椋子
りよこ	1192	7	理代子	理夜子	理世子	梨代子	梨夜子	梨世子	利代子
りりえ	892	7	理々恵	理々枝	理々江	理々絵	理々依	理々衣	理々英
りりか	339	7	理々香	理々花	理々佳	理々加	理々可	理々賀	理々嘉
りりこ	872	7	理々子	理梨子	理利子	理里子	梨理子	梨々子	梨利子
りる	943	10	理流	理留	理瑠	梨流	梨留	梨瑠	利流	利留	利瑠	里流
りん	832	4	輪	鈴	倫	凛
りんか	398	10	凛香	凛花	凛佳	凛加	凛可	凛賀	凛嘉	凛果	凛夏	凛歌
りんこ	1032	4	凛子	輪子	鈴子	倫子
りんご	1300	1	林檎
りんぜ	1208	4	凛世	輪世	鈴世	倫世
るい	314	7	累	涙泪留衣	留依	留維	留伊	留以	留唯
るいか	494	10	累香	累花	累佳	累加	累可	累賀	累嘉	累果	累夏	累歌
るいこ	1148	6	累子	涙子泪子	留衣子	留依子	流衣子	流依子
るいな	687	8	累菜	累奈	累那	累名	涙菜	涙奈	涙那	涙名泪菜
るいの	1117	5	累乃	累野	涙乃	涙野泪乃泪野	留衣乃
るう	867	10	留羽	留宇	留卯	留有	流羽	流宇	流卯	流有	瑠羽	瑠宇
るか	313	10	留香	留花	留佳	留加	留可	留賀	留嘉	留果	留夏	留歌
るな	341	10	留菜	留奈	留那	留名	流菜	流奈	流那	流名	瑠菜	瑠奈
るね	1131	9	留音	留嶺	留寧	流音	流嶺	流寧	瑠音	瑠嶺	瑠寧
るみ	473	10	留美	留実	留見	留海	留魅	留観	留未	流美	流実	流見
るみか	707	7	留美香	留美花	留美佳	留美加	留美可	留美賀	留美嘉
るみこ	1220	6	留美子	留実子	流美子	流実子	瑠美子	瑠実子
るみな	1027	7	留美菜	留美奈	留美那	留美名	留実菜	留実奈	留実那
るみね	979	9	留峰	留嶺	留峯	流峰	流嶺	流峯	瑠峰	瑠嶺	瑠峯
るり	760	10	瑠璃	留理	留梨	留利	留里	留莉	流理	流梨	流利	流里
るりあ	728	7	留理亜	留理阿	留理愛	留理安	留梨亜	留梨阿	留梨愛
るりか	586	7	留理香	留理花	留理佳	留理加	留理可	留理賀	留理嘉
るりこ	1058	7	留理子	留梨子	留利子	留里子	流理子	流梨子	流利子
れあ	233	10	麗亜	麗阿	麗愛	麗安	礼亜	礼阿	礼愛	礼安	玲亜	玲阿
れい	200	12	麗	零	礼	怜	鈴	玲	伶	麗衣	麗依	麗維	麗伊	麗以
れいあ	283	10	麗亜	麗阿	麗愛	麗安	礼亜	礼阿	礼愛	礼安	玲亜	玲阿
れいか	148	10	麗香	麗花	麗佳	麗加	麗可	麗賀	麗嘉	麗果	麗夏	麗歌
れいこ	470	10	麗子	礼子	玲子	令子	冷子	鈴子	怜子	黎子	伶子	励子
れいな	162	10	麗菜	麗奈	麗那	麗名	礼菜	礼奈	礼那	礼名	玲菜	玲奈
れいみ	368	10	麗美	麗実	麗見	麗海	麗魅	麗観	麗未	礼美	礼実	礼見
れいや	905	10	麗矢	麗弥	麗耶	礼矢	礼弥	礼耶	玲矢	玲弥	玲耶	令矢
れいら	196	10	麗良	麗羅	麗来	礼良	礼羅	礼来	玲良	玲羅	玲来	令良
れお	404	10	麗央	麗生	麗緒	麗音	礼央	礼生	礼緒	礼音	玲央	玲生
れおな	116	7	麗央菜	麗央奈	麗央那	麗央名	麗緒菜	麗緒奈	麗緒那
れおん	595	10	麗音	麗苑	麗園	麗遠	礼音	礼苑	礼園	礼遠	玲音	玲苑
れな	357	10	麗菜	麗奈	麗那	麗名	礼菜	礼奈	礼那	礼名	玲菜	玲奈
れみ	427	10	麗美	麗実	麗見	麗海	麗魅	麗観	麗未	礼美	礼実	礼見
れみか	310	7	麗美香	麗美花	麗美佳	麗美加	麗美可	麗美賀	麗美嘉
れみこ	859	7	麗美子	麗実子	礼美子	礼実子	玲美子	玲実子	令美子
れみな	616	7	麗美菜	麗美奈	麗美那	麗美名	麗実菜	麗実奈	麗実那
れみや	548	7	麗美矢	麗美弥	麗美耶	麗実矢	麗実弥	麗実耶	礼美矢
れむ	1055	10	麗夢	礼夢	玲夢	令夢	冷夢	鈴夢	怜夢	黎夢	伶夢	励夢
れもん	1347	1	檸檬
れんげ	1328	1	蓮華
ろか	700	10	呂香	呂花	呂佳	呂加	呂可	呂賀	呂嘉	呂果	呂夏	呂歌
ろこ	1152	4	呂子	路子	蕗子	露子
ろな	1128	10	呂菜	呂奈	呂那	呂名	路菜	路奈	路那	路名	蕗菜	蕗奈
ろみ	924	10	呂美	呂実	呂見	呂海	呂魅	呂観	呂未	路美	路実	路見
ろらん	1224	4	呂蘭	路蘭	蕗蘭	露蘭
わか	570	10	和香	和花	和佳	和加	和可	和賀	和嘉	和果	和夏	和歌
わかこ	520	7	若子	和香子	和花子	和佳子	和加子	和可子	和賀子
わかさ	1110	5	若沙	若佐	若砂	若咲	若紗
わかな	311	8	若菜	若奈	若那	若名	和香菜	和香奈	和香那	和香名
わかの	668	7	若乃	若野	和香乃	和香野	和花乃	和花野	和佳乃
わかば	358	7	若葉	若羽	和香葉	和香羽	和花葉	和花羽	和佳葉
わき	797	10	和紀	和希	和季	和記	和貴	和樹	和木	和輝	和生	和喜
わきこ	703	7	和樹子	和紀子	和希子	和貴子	和規子	和基子	和輝子
わこ	944	1	和子
